{"type":"FeatureCollection","features":[{"type":"Feature","properties":{"name":"An Giang"},"geometry":{"type":"Polygon","coordinates":[[[105.185,10.914],[105.179,10.925],[105.165,10.931],[105.144,10.93],[105.116,10.925],[105.105,10.927],[105.112,10.953],[105.108,10.96],[105.102,10.961],[105.05,10.936],[105.026,10.917],[105.017,10.904],[105.019,10.892],[105.022,10.886],[105.045,10.858],[105.052,10.845],[105.054,10.816],[105.06,10.798],[105.075,10.781],[105.088,10.759],[105.09,10.737],[105.083,10.726],[104.988,10.671],[104.963,10.654],[104.939,10.626],[104.917,10.598],[104.896,10.565],[104.883,10.549],[104.862,10.533],[104.825,10.526],[104.787,10.524],[104.777,10.524],[104.786,10.497],[104.809,10.46],[104.82,10.439],[104.839,10.413],[104.853,10.401],[104.904,10.369],[104.927,10.358],[105.017,10.331],[105.056,10.315],[105.131,10.265],[105.181,10.225],[105.214,10.203],[105.215,10.203],[105.229,10.224],[105.266,10.269],[105.277,10.278],[105.308,10.297],[105.329,10.299],[105.342,10.284],[105.376,10.278],[105.423,10.286],[105.443,10.296],[105.45,10.312],[105.455,10.329],[105.475,10.335],[105.492,10.343],[105.501,10.359],[105.505,10.371],[105.517,10.396],[105.533,10.411],[105.541,10.423],[105.555,10.451],[105.57,10.463],[105.571,10.476],[105.569,10.503],[105.557,10.528],[105.549,10.54],[105.514,10.569],[105.499,10.573],[105.467,10.575],[105.433,10.575],[105.395,10.583],[105.372,10.597],[105.36,10.61],[105.348,10.629],[105.345,10.648],[105.338,10.664],[105.344,10.7],[105.351,10.716],[105.344,10.743],[105.336,10.756],[105.322,10.758],[105.303,10.759],[105.297,10.771],[105.295,10.784],[105.237,10.81],[105.223,10.82],[105.212,10.836],[105.207,10.848],[105.202,10.864],[105.197,10.875],[105.192,10.9],[105.185,10.914]]]}},{"type":"Feature","properties":{"name":"Bà Rịa–Vũng Tàu"},"geometry":{"type":"Polygon","coordinates":[[[107.007,10.606],[107.011,10.603],[107.022,10.592],[107.024,10.58],[107.016,10.558],[107.023,10.547],[107.031,10.541],[107.015,10.507],[107.014,10.494],[107.028,10.467],[107.039,10.459],[107.059,10.441],[107.074,10.438],[107.1,10.436],[107.109,10.426],[107.108,10.409],[107.095,10.399],[107.067,10.39],[107.063,10.37],[107.063,10.361],[107.076,10.335],[107.083,10.327],[107.091,10.332],[107.1,10.344],[107.111,10.354],[107.138,10.369],[107.154,10.383],[107.172,10.405],[107.181,10.41],[107.188,10.408],[107.208,10.398],[107.216,10.388],[107.232,10.376],[107.252,10.377],[107.272,10.39],[107.286,10.403],[107.303,10.425],[107.324,10.44],[107.337,10.455],[107.355,10.461],[107.382,10.465],[107.432,10.465],[107.449,10.471],[107.464,10.488],[107.483,10.496],[107.513,10.506],[107.525,10.522],[107.542,10.538],[107.546,10.544],[107.544,10.554],[107.533,10.569],[107.515,10.622],[107.508,10.652],[107.507,10.664],[107.503,10.682],[107.496,10.703],[107.492,10.72],[107.477,10.723],[107.448,10.742],[107.42,10.755],[107.405,10.757],[107.386,10.741],[107.36,10.704],[107.343,10.675],[107.328,10.657],[107.295,10.655],[107.281,10.684],[107.279,10.706],[107.264,10.718],[107.232,10.723],[107.207,10.73],[107.188,10.744],[107.173,10.742],[107.159,10.729],[107.131,10.717],[107.129,10.708],[107.128,10.693],[107.12,10.667],[107.099,10.652],[107.078,10.641],[107.035,10.658],[107.023,10.651],[107.011,10.637],[107.004,10.622],[107.007,10.606]]]}},{"type":"Feature","properties":{"name":"Bắc Giang"},"geometry":{"type":"Polygon","coordinates":[[[106.612,21.262],[106.618,21.261],[106.63,21.255],[106.641,21.243],[106.651,21.236],[106.739,21.223],[106.766,21.223],[106.791,21.211],[106.854,21.209],[106.873,21.201],[106.889,21.197],[106.904,21.197],[106.916,21.205],[106.914,21.213],[106.91,21.221],[106.911,21.231],[106.922,21.234],[106.95,21.228],[106.962,21.227],[106.994,21.229],[107.007,21.229],[107.018,21.226],[107.033,21.239],[107.036,21.247],[107.052,21.263],[107.061,21.274],[107.062,21.285],[107.058,21.297],[107.045,21.309],[107.041,21.316],[107.042,21.325],[107.046,21.335],[107.056,21.337],[107.091,21.34],[107.097,21.345],[107.1,21.353],[107.102,21.363],[107.102,21.373],[107.09,21.374],[107.08,21.38],[107.062,21.4],[107.056,21.408],[107.051,21.426],[107.051,21.432],[107.055,21.442],[107.055,21.45],[107.052,21.459],[107.048,21.463],[107.038,21.464],[106.991,21.46],[106.969,21.467],[106.95,21.495],[106.947,21.504],[106.939,21.514],[106.919,21.528],[106.911,21.536],[106.911,21.542],[106.914,21.549],[106.914,21.565],[106.911,21.57],[106.872,21.586],[106.838,21.592],[106.827,21.592],[106.821,21.589],[106.816,21.57],[106.804,21.567],[106.783,21.575],[106.76,21.578],[106.752,21.587],[106.75,21.605],[106.746,21.613],[106.741,21.618],[106.664,21.621],[106.638,21.619],[106.628,21.616],[106.62,21.608],[106.61,21.602],[106.599,21.592],[106.585,21.57],[106.579,21.552],[106.576,21.522],[106.57,21.511],[106.556,21.501],[106.547,21.486],[106.538,21.476],[106.526,21.468],[106.512,21.467],[106.498,21.464],[106.486,21.454],[106.462,21.42],[106.454,21.415],[106.435,21.408],[106.407,21.415],[106.399,21.423],[106.396,21.43],[106.396,21.448],[106.39,21.454],[106.371,21.46],[106.349,21.465],[106.344,21.469],[106.339,21.483],[106.329,21.49],[106.32,21.492],[106.304,21.491],[106.295,21.492],[106.289,21.5],[106.278,21.503],[106.243,21.506],[106.232,21.51],[106.229,21.514],[106.221,21.553],[106.222,21.578],[106.226,21.584],[106.235,21.59],[106.236,21.601],[106.233,21.608],[106.221,21.616],[106.201,21.613],[106.187,21.613],[106.141,21.617],[106.111,21.597],[106.102,21.585],[106.098,21.576],[106.099,21.569],[106.108,21.558],[106.111,21.53],[106.11,21.509],[106.112,21.498],[106.112,21.476],[106.109,21.462],[106.103,21.449],[106.103,21.436],[106.101,21.423],[106.095,21.413],[106.084,21.412],[106.072,21.416],[106.048,21.43],[106.036,21.435],[106.03,21.436],[106.024,21.432],[106.017,21.412],[106.012,21.402],[105.998,21.387],[105.981,21.378],[105.974,21.369],[105.971,21.356],[105.969,21.35],[105.969,21.349],[105.971,21.346],[105.972,21.335],[105.975,21.327],[105.992,21.306],[105.993,21.292],[106.011,21.272],[106.015,21.268],[106.05,21.256],[106.06,21.258],[106.07,21.27],[106.085,21.281],[106.102,21.274],[106.132,21.254],[106.167,21.252],[106.19,21.245],[106.204,21.243],[106.217,21.245],[106.231,21.241],[106.245,21.234],[106.282,21.219],[106.316,21.204],[106.336,21.202],[106.355,21.197],[106.368,21.183],[106.375,21.173],[106.386,21.166],[106.405,21.176],[106.412,21.183],[106.419,21.199],[106.421,21.212],[106.431,21.226],[106.441,21.229],[106.462,21.232],[106.483,21.249],[106.497,21.263],[106.508,21.268],[106.512,21.273],[106.536,21.277],[106.576,21.269],[106.585,21.264],[106.611,21.262],[106.612,21.262]]]}},{"type":"Feature","properties":{"name":"Bắc Kạn"},"geometry":{"type":"Polygon","coordinates":[[[105.531,22.633],[105.533,22.619],[105.543,22.609],[105.55,22.606],[105.547,22.594],[105.547,22.587],[105.553,22.573],[105.58,22.549],[105.585,22.543],[105.595,22.521],[105.596,22.507],[105.592,22.496],[105.566,22.47],[105.545,22.438],[105.545,22.429],[105.554,22.411],[105.547,22.405],[105.538,22.407],[105.522,22.403],[105.517,22.397],[105.513,22.356],[105.507,22.342],[105.494,22.329],[105.486,22.314],[105.481,22.302],[105.484,22.292],[105.483,22.284],[105.459,22.274],[105.448,22.263],[105.441,22.244],[105.443,22.234],[105.442,22.217],[105.44,22.212],[105.445,22.199],[105.459,22.185],[105.463,22.179],[105.48,22.168],[105.488,22.166],[105.494,22.161],[105.498,22.153],[105.498,22.141],[105.491,22.133],[105.477,22.123],[105.475,22.112],[105.472,22.104],[105.474,22.095],[105.486,22.077],[105.493,22.069],[105.494,22.062],[105.503,22.048],[105.506,22.047],[105.511,22.034],[105.512,22.025],[105.515,22.018],[105.521,22.011],[105.539,21.998],[105.541,21.994],[105.543,21.984],[105.567,21.972],[105.573,21.964],[105.576,21.966],[105.584,21.973],[105.605,22.008],[105.613,22.012],[105.64,22.018],[105.653,22.023],[105.671,22.045],[105.683,22.047],[105.689,22.045],[105.711,22.032],[105.715,22.024],[105.722,22.018],[105.733,22.015],[105.752,22.014],[105.765,22.011],[105.771,22.008],[105.778,21.993],[105.78,21.98],[105.795,21.962],[105.796,21.952],[105.794,21.947],[105.786,21.94],[105.784,21.932],[105.785,21.924],[105.79,21.91],[105.796,21.901],[105.793,21.889],[105.783,21.871],[105.782,21.854],[105.785,21.839],[105.788,21.832],[105.788,21.819],[105.796,21.813],[105.802,21.81],[105.811,21.809],[105.816,21.816],[105.817,21.824],[105.823,21.832],[105.839,21.845],[105.885,21.853],[105.899,21.857],[105.914,21.864],[105.936,21.877],[105.942,21.887],[105.948,21.891],[105.957,21.895],[105.978,21.902],[105.996,21.924],[106.008,21.93],[106.015,21.939],[106.044,21.945],[106.049,21.956],[106.057,21.959],[106.068,21.955],[106.078,21.943],[106.088,21.938],[106.114,21.934],[106.121,21.93],[106.124,21.928],[106.124,21.928],[106.131,21.934],[106.138,21.966],[106.131,21.998],[106.132,22.016],[106.126,22.033],[106.122,22.039],[106.123,22.059],[106.125,22.062],[106.141,22.067],[106.171,22.067],[106.184,22.071],[106.193,22.075],[106.198,22.084],[106.201,22.093],[106.203,22.112],[106.213,22.12],[106.243,22.133],[106.251,22.142],[106.252,22.149],[106.249,22.179],[106.263,22.198],[106.265,22.207],[106.261,22.23],[106.256,22.239],[106.247,22.246],[106.237,22.271],[106.233,22.273],[106.225,22.281],[106.222,22.291],[106.235,22.317],[106.236,22.327],[106.232,22.336],[106.228,22.338],[106.217,22.354],[106.209,22.364],[106.197,22.373],[106.193,22.381],[106.192,22.384],[106.191,22.384],[106.173,22.383],[106.146,22.386],[106.124,22.392],[106.113,22.405],[106.108,22.415],[106.111,22.424],[106.115,22.426],[106.121,22.435],[106.121,22.463],[106.114,22.502],[106.108,22.51],[106.082,22.536],[106.076,22.544],[106.072,22.554],[106.062,22.554],[106.043,22.543],[106.032,22.536],[106.003,22.525],[105.988,22.514],[105.979,22.51],[105.96,22.507],[105.946,22.502],[105.93,22.478],[105.917,22.474],[105.891,22.491],[105.84,22.5],[105.828,22.506],[105.808,22.519],[105.799,22.528],[105.758,22.582],[105.738,22.617],[105.737,22.627],[105.741,22.634],[105.768,22.656],[105.774,22.664],[105.777,22.674],[105.774,22.692],[105.763,22.698],[105.755,22.707],[105.756,22.721],[105.755,22.725],[105.75,22.731],[105.735,22.728],[105.728,22.723],[105.715,22.718],[105.691,22.716],[105.677,22.718],[105.67,22.717],[105.644,22.698],[105.632,22.691],[105.615,22.684],[105.608,22.674],[105.598,22.664],[105.569,22.648],[105.556,22.636],[105.543,22.632],[105.531,22.633]]]}},{"type":"Feature","properties":{"name":"Bạc Liêu"},"geometry":{"type":"Polygon","coordinates":[[[105.55,9.615],[105.52,9.615],[105.483,9.621],[105.453,9.623],[105.427,9.631],[105.403,9.634],[105.379,9.621],[105.366,9.609],[105.333,9.614],[105.295,9.64],[105.282,9.626],[105.301,9.601],[105.319,9.584],[105.32,9.547],[105.29,9.517],[105.287,9.492],[105.276,9.452],[105.265,9.426],[105.28,9.386],[105.268,9.364],[105.267,9.343],[105.279,9.33],[105.262,9.294],[105.234,9.258],[105.245,9.225],[105.265,9.211],[105.278,9.195],[105.266,9.165],[105.256,9.148],[105.262,9.133],[105.273,9.124],[105.295,9.119],[105.335,9.103],[105.399,9.088],[105.415,9.078],[105.438,9.056],[105.441,9.059],[105.462,9.073],[105.485,9.112],[105.502,9.124],[105.532,9.134],[105.588,9.158],[105.602,9.167],[105.654,9.183],[105.748,9.223],[105.779,9.24],[105.823,9.258],[105.838,9.262],[105.83,9.261],[105.829,9.316],[105.824,9.346],[105.835,9.367],[105.853,9.371],[105.859,9.38],[105.862,9.398],[105.85,9.41],[105.834,9.409],[105.822,9.395],[105.801,9.388],[105.793,9.39],[105.787,9.398],[105.785,9.406],[105.776,9.424],[105.761,9.423],[105.742,9.418],[105.723,9.407],[105.7,9.398],[105.681,9.401],[105.667,9.408],[105.632,9.43],[105.613,9.445],[105.55,9.463],[105.55,9.615]]]}},{"type":"Feature","properties":{"name":"Bắc Ninh"},"geometry":{"type":"Polygon","coordinates":[[[106.011,21.272],[106.008,21.272],[105.993,21.266],[105.974,21.253],[105.97,21.25],[105.964,21.238],[105.966,21.186],[105.964,21.159],[105.959,21.143],[105.964,21.118],[105.967,21.111],[105.99,21.104],[106.029,21.094],[106.043,21.08],[106.048,21.067],[106.047,21.051],[106.042,21.036],[106.036,21.027],[106.03,21.018],[106.045,21.017],[106.064,21.019],[106.118,21.017],[106.133,21.019],[106.158,21.017],[106.169,21.003],[106.176,20.991],[106.187,20.978],[106.199,20.978],[106.199,20.978],[106.208,20.984],[106.215,21.001],[106.221,21.006],[106.232,21.006],[106.281,21.012],[106.298,21.018],[106.349,21.026],[106.367,21.05],[106.372,21.07],[106.39,21.108],[106.391,21.12],[106.387,21.131],[106.386,21.155],[106.387,21.163],[106.386,21.165],[106.386,21.166],[106.386,21.166],[106.386,21.166],[106.375,21.173],[106.368,21.183],[106.355,21.197],[106.336,21.202],[106.316,21.204],[106.282,21.219],[106.245,21.234],[106.231,21.241],[106.217,21.245],[106.204,21.243],[106.19,21.245],[106.167,21.252],[106.132,21.254],[106.102,21.274],[106.085,21.281],[106.07,21.27],[106.06,21.258],[106.05,21.256],[106.015,21.268],[106.011,21.272]]]}},{"type":"Feature","properties":{"name":"Bến Tre"},"geometry":{"type":"Polygon","coordinates":[[[106.656,10.255],[106.573,10.269],[106.524,10.273],[106.485,10.284],[106.445,10.292],[106.392,10.314],[106.348,10.32],[106.317,10.32],[106.264,10.314],[106.205,10.311],[106.186,10.302],[106.174,10.293],[106.144,10.287],[106.118,10.283],[106.101,10.281],[106.075,10.282],[106.044,10.291],[106.033,10.297],[106.031,10.29],[106.03,10.278],[106.032,10.263],[106.037,10.253],[106.063,10.242],[106.115,10.234],[106.132,10.226],[106.15,10.21],[106.16,10.195],[106.2,10.164],[106.213,10.15],[106.23,10.131],[106.241,10.115],[106.258,10.09],[106.281,10.056],[106.321,10.012],[106.35,9.99],[106.421,9.957],[106.449,9.935],[106.51,9.899],[106.55,9.86],[106.562,9.839],[106.563,9.837],[106.574,9.823],[106.601,9.816],[106.619,9.817],[106.657,9.828],[106.672,9.848],[106.684,9.877],[106.685,9.894],[106.667,9.928],[106.62,9.957],[106.613,9.964],[106.625,9.96],[106.669,9.98],[106.681,10.002],[106.694,10.017],[106.716,10.028],[106.734,10.033],[106.747,10.044],[106.764,10.059],[106.782,10.083],[106.793,10.114],[106.789,10.135],[106.784,10.179],[106.745,10.195],[106.711,10.215],[106.699,10.231],[106.676,10.248],[106.663,10.254],[106.656,10.255]]]}},{"type":"Feature","properties":{"name":"Bình Định"},"geometry":{"type":"Polygon","coordinates":[[[108.687,14.565],[108.691,14.548],[108.702,14.523],[108.7,14.514],[108.687,14.503],[108.674,14.501],[108.663,14.503],[108.658,14.5],[108.656,14.488],[108.659,14.477],[108.668,14.468],[108.678,14.442],[108.688,14.361],[108.693,14.35],[108.699,14.325],[108.712,14.3],[108.716,14.274],[108.712,14.26],[108.72,14.223],[108.719,14.203],[108.723,14.153],[108.729,14.14],[108.741,14.123],[108.749,14.107],[108.766,14.079],[108.779,14.064],[108.796,14.041],[108.799,14.022],[108.798,14.011],[108.777,13.969],[108.773,13.94],[108.777,13.929],[108.789,13.91],[108.801,13.9],[108.81,13.885],[108.816,13.869],[108.819,13.855],[108.827,13.838],[108.838,13.816],[108.847,13.804],[108.857,13.77],[108.857,13.754],[108.854,13.74],[108.846,13.716],[108.84,13.688],[108.844,13.674],[108.855,13.649],[108.864,13.615],[108.866,13.606],[108.865,13.591],[108.86,13.577],[108.854,13.568],[108.861,13.557],[108.868,13.55],[108.887,13.549],[108.914,13.553],[108.927,13.548],[108.946,13.535],[108.959,13.533],[108.998,13.535],[109.007,13.537],[109.034,13.555],[109.052,13.573],[109.059,13.578],[109.066,13.581],[109.077,13.587],[109.096,13.595],[109.116,13.613],[109.126,13.637],[109.139,13.644],[109.151,13.66],[109.169,13.679],[109.182,13.685],[109.198,13.695],[109.212,13.681],[109.232,13.678],[109.231,13.694],[109.223,13.706],[109.22,13.719],[109.218,13.73],[109.22,13.752],[109.237,13.769],[109.24,13.775],[109.231,13.795],[109.228,13.807],[109.226,13.835],[109.23,13.85],[109.242,13.857],[109.246,13.857],[109.26,13.812],[109.267,13.801],[109.265,13.792],[109.258,13.788],[109.255,13.782],[109.255,13.772],[109.257,13.766],[109.264,13.763],[109.274,13.762],[109.285,13.763],[109.295,13.766],[109.298,13.78],[109.29,13.795],[109.289,13.809],[109.298,13.819],[109.302,13.84],[109.297,13.855],[109.295,13.872],[109.298,13.885],[109.295,13.892],[109.284,13.896],[109.276,13.905],[109.254,13.937],[109.249,13.95],[109.252,13.977],[109.257,13.998],[109.257,14.01],[109.253,14.034],[109.245,14.046],[109.237,14.051],[109.218,14.095],[109.213,14.121],[109.221,14.124],[109.228,14.129],[109.229,14.138],[109.218,14.158],[109.206,14.188],[109.202,14.204],[109.201,14.224],[109.205,14.236],[109.202,14.252],[109.195,14.274],[109.186,14.292],[109.147,14.356],[109.138,14.374],[109.135,14.389],[109.129,14.402],[109.132,14.439],[109.115,14.48],[109.106,14.509],[109.096,14.535],[109.08,14.571],[109.086,14.579],[109.083,14.593],[109.077,14.607],[109.074,14.656],[109.078,14.659],[109.083,14.658],[109.088,14.658],[109.089,14.66],[109.089,14.66],[109.074,14.675],[109.056,14.69],[109.028,14.702],[108.988,14.712],[108.956,14.716],[108.898,14.696],[108.852,14.691],[108.84,14.686],[108.829,14.663],[108.83,14.639],[108.821,14.625],[108.792,14.618],[108.775,14.617],[108.752,14.612],[108.735,14.602],[108.719,14.597],[108.693,14.578],[108.687,14.565]]]}},{"type":"Feature","properties":{"name":"Bình Dương"},"geometry":{"type":"Polygon","coordinates":[[[106.464,11.13],[106.468,11.127],[106.476,11.134],[106.491,11.134],[106.504,11.13],[106.519,11.095],[106.522,11.063],[106.527,11.057],[106.55,11.048],[106.571,11.044],[106.6,11.032],[106.612,11.011],[106.618,10.992],[106.634,10.956],[106.672,10.908],[106.692,10.875],[106.711,10.863],[106.732,10.863],[106.754,10.868],[106.769,10.874],[106.807,10.885],[106.812,10.902],[106.811,10.91],[106.803,10.911],[106.774,10.925],[106.77,10.952],[106.767,10.982],[106.783,11.006],[106.811,11.019],[106.85,11.017],[106.876,11.013],[106.91,11.019],[106.937,11.057],[106.949,11.107],[106.949,11.136],[106.937,11.164],[106.915,11.179],[106.9,11.193],[106.9,11.214],[106.906,11.22],[106.921,11.257],[106.933,11.277],[106.944,11.304],[106.949,11.305],[106.94,11.306],[106.925,11.311],[106.92,11.317],[106.908,11.32],[106.896,11.317],[106.886,11.312],[106.856,11.291],[106.845,11.297],[106.848,11.322],[106.848,11.329],[106.845,11.337],[106.835,11.339],[106.805,11.339],[106.783,11.341],[106.769,11.351],[106.763,11.37],[106.768,11.392],[106.777,11.399],[106.795,11.42],[106.793,11.433],[106.772,11.445],[106.759,11.434],[106.745,11.411],[106.695,11.361],[106.683,11.344],[106.67,11.332],[106.652,11.32],[106.635,11.324],[106.609,11.343],[106.572,11.337],[106.556,11.349],[106.552,11.361],[106.549,11.378],[106.555,11.389],[106.568,11.401],[106.57,11.422],[106.566,11.428],[106.515,11.452],[106.495,11.463],[106.471,11.473],[106.451,11.475],[106.446,11.473],[106.444,11.471],[106.436,11.457],[106.399,11.411],[106.385,11.376],[106.371,11.346],[106.365,11.324],[106.363,11.306],[106.363,11.279],[106.382,11.22],[106.403,11.19],[106.417,11.164],[106.428,11.151],[106.451,11.139],[106.464,11.13]]]}},{"type":"Feature","properties":{"name":"Bình Phước"},"geometry":{"type":"Polygon","coordinates":[[[106.949,11.305],[106.97,11.311],[107.034,11.357],[107.052,11.38],[107.071,11.409],[107.071,11.443],[107.084,11.47],[107.105,11.484],[107.141,11.499],[107.171,11.506],[107.224,11.524],[107.257,11.532],[107.306,11.543],[107.314,11.546],[107.307,11.547],[107.296,11.554],[107.293,11.56],[107.29,11.61],[107.285,11.62],[107.277,11.627],[107.269,11.63],[107.261,11.642],[107.262,11.655],[107.266,11.667],[107.273,11.678],[107.277,11.688],[107.277,11.701],[107.284,11.725],[107.307,11.736],[107.349,11.748],[107.358,11.753],[107.373,11.767],[107.394,11.766],[107.398,11.768],[107.4,11.79],[107.408,11.808],[107.419,11.824],[107.428,11.842],[107.431,11.854],[107.424,11.865],[107.414,11.87],[107.406,11.881],[107.404,11.894],[107.395,11.911],[107.377,11.929],[107.367,11.957],[107.358,11.977],[107.352,11.983],[107.283,12.021],[107.252,12.041],[107.243,12.054],[107.24,12.07],[107.241,12.083],[107.247,12.098],[107.251,12.116],[107.253,12.13],[107.249,12.141],[107.247,12.154],[107.244,12.188],[107.244,12.199],[107.241,12.223],[107.234,12.25],[107.227,12.263],[107.218,12.273],[107.212,12.285],[107.211,12.294],[107.207,12.294],[107.168,12.282],[107.151,12.265],[107.145,12.253],[107.118,12.215],[107.086,12.185],[107.042,12.133],[107.005,12.106],[106.953,12.072],[106.934,12.067],[106.894,12.061],[106.866,12.061],[106.84,12.07],[106.822,12.078],[106.803,12.08],[106.792,12.078],[106.773,12.06],[106.753,12.02],[106.747,12.001],[106.733,11.981],[106.709,11.967],[106.687,11.968],[106.671,11.971],[106.663,11.982],[106.655,11.981],[106.657,11.969],[106.644,11.963],[106.628,11.968],[106.61,11.969],[106.57,11.967],[106.545,11.967],[106.532,11.971],[106.525,11.976],[106.512,11.974],[106.493,11.969],[106.478,11.971],[106.466,11.974],[106.458,11.984],[106.447,11.983],[106.427,11.971],[106.412,11.974],[106.423,11.956],[106.452,11.895],[106.463,11.88],[106.464,11.866],[106.454,11.864],[106.446,11.85],[106.448,11.837],[106.446,11.822],[106.433,11.796],[106.426,11.786],[106.423,11.729],[106.426,11.718],[106.45,11.692],[106.453,11.683],[106.451,11.672],[106.447,11.668],[106.449,11.652],[106.457,11.631],[106.46,11.62],[106.487,11.581],[106.491,11.55],[106.488,11.531],[106.48,11.523],[106.457,11.523],[106.432,11.516],[106.43,11.504],[106.433,11.495],[106.446,11.473],[106.451,11.475],[106.471,11.473],[106.495,11.463],[106.515,11.452],[106.566,11.428],[106.57,11.422],[106.568,11.401],[106.555,11.389],[106.549,11.378],[106.552,11.361],[106.556,11.349],[106.572,11.337],[106.609,11.343],[106.635,11.324],[106.652,11.32],[106.67,11.332],[106.683,11.344],[106.695,11.361],[106.745,11.411],[106.759,11.434],[106.772,11.445],[106.793,11.433],[106.795,11.42],[106.777,11.399],[106.768,11.392],[106.763,11.37],[106.769,11.351],[106.783,11.341],[106.805,11.339],[106.835,11.339],[106.845,11.337],[106.848,11.329],[106.848,11.322],[106.845,11.297],[106.856,11.291],[106.886,11.312],[106.896,11.317],[106.908,11.32],[106.92,11.317],[106.925,11.311],[106.94,11.306],[106.949,11.305]]]}},{"type":"Feature","properties":{"name":"Bình Thuận"},"geometry":{"type":"MultiPolygon","coordinates":[[[[109.051,9.918],[109.055,9.928],[109.055,9.933],[109.048,9.934],[109.043,9.933],[109.04,9.929],[109.04,9.917],[109.046,9.915],[109.051,9.918]]],[[[108.931,10.456],[108.932,10.465],[108.93,10.475],[108.915,10.501],[108.899,10.505],[108.893,10.501],[108.894,10.492],[108.902,10.473],[108.917,10.452],[108.928,10.451],[108.931,10.456]]],[[[107.546,10.544],[107.546,10.543],[107.574,10.556],[107.58,10.566],[107.634,10.593],[107.667,10.606],[107.727,10.622],[107.745,10.629],[107.797,10.669],[107.816,10.686],[107.828,10.692],[107.868,10.703],[107.896,10.706],[107.911,10.706],[107.957,10.692],[107.982,10.691],[108.004,10.703],[108.028,10.733],[108.04,10.783],[108.053,10.846],[108.065,10.876],[108.097,10.907],[108.158,10.922],[108.214,10.948],[108.232,10.95],[108.255,10.949],[108.273,10.937],[108.289,10.924],[108.287,10.918],[108.299,10.918],[108.313,10.945],[108.326,10.954],[108.332,10.953],[108.34,10.959],[108.345,10.98],[108.353,11.001],[108.365,11.015],[108.387,11.025],[108.413,11.032],[108.45,11.044],[108.473,11.056],[108.49,11.081],[108.5,11.101],[108.53,11.136],[108.551,11.156],[108.58,11.167],[108.634,11.177],[108.665,11.18],[108.682,11.177],[108.703,11.166],[108.71,11.157],[108.725,11.172],[108.732,11.188],[108.748,11.21],[108.766,11.261],[108.777,11.285],[108.798,11.299],[108.818,11.309],[108.842,11.315],[108.85,11.314],[108.852,11.314],[108.849,11.336],[108.842,11.346],[108.826,11.35],[108.795,11.352],[108.78,11.359],[108.761,11.387],[108.755,11.432],[108.742,11.448],[108.72,11.449],[108.704,11.448],[108.686,11.455],[108.679,11.476],[108.664,11.497],[108.66,11.517],[108.646,11.537],[108.627,11.549],[108.576,11.552],[108.578,11.549],[108.57,11.529],[108.559,11.519],[108.541,11.51],[108.523,11.512],[108.503,11.526],[108.49,11.527],[108.474,11.521],[108.436,11.517],[108.423,11.518],[108.404,11.522],[108.38,11.517],[108.364,11.509],[108.351,11.509],[108.345,11.515],[108.341,11.522],[108.317,11.521],[108.291,11.516],[108.275,11.507],[108.261,11.493],[108.258,11.463],[108.271,11.447],[108.283,11.443],[108.292,11.438],[108.301,11.424],[108.303,11.412],[108.291,11.393],[108.265,11.369],[108.195,11.311],[108.184,11.304],[108.168,11.303],[108.15,11.296],[108.141,11.29],[108.125,11.285],[108.111,11.275],[108.102,11.268],[108.095,11.267],[108.086,11.265],[108.078,11.256],[108.064,11.245],[108.059,11.231],[108.05,11.227],[108.048,11.233],[108.049,11.245],[108.045,11.255],[108.041,11.258],[108.033,11.293],[108.034,11.315],[108.028,11.326],[108.025,11.328],[107.996,11.338],[107.987,11.342],[107.968,11.348],[107.956,11.351],[107.943,11.351],[107.939,11.356],[107.867,11.371],[107.802,11.38],[107.764,11.383],[107.745,11.38],[107.734,11.375],[107.722,11.364],[107.709,11.349],[107.695,11.341],[107.684,11.341],[107.662,11.356],[107.618,11.369],[107.581,11.397],[107.569,11.397],[107.563,11.393],[107.558,11.379],[107.546,11.362],[107.54,11.357],[107.535,11.357],[107.535,11.357],[107.532,11.349],[107.528,11.324],[107.531,11.275],[107.514,11.246],[107.492,11.233],[107.481,11.218],[107.464,11.18],[107.44,11.151],[107.445,11.126],[107.449,11.114],[107.446,11.097],[107.433,11.089],[107.398,11.046],[107.424,11.031],[107.438,11.025],[107.462,11.019],[107.485,11.016],[107.504,11.012],[107.523,10.999],[107.53,10.984],[107.531,10.968],[107.541,10.944],[107.541,10.926],[107.544,10.911],[107.539,10.881],[107.541,10.857],[107.552,10.827],[107.551,10.813],[107.544,10.797],[107.536,10.788],[107.524,10.781],[107.512,10.779],[107.507,10.775],[107.502,10.764],[107.507,10.749],[107.497,10.739],[107.492,10.722],[107.492,10.72],[107.496,10.703],[107.503,10.682],[107.507,10.664],[107.508,10.652],[107.515,10.622],[107.533,10.569],[107.544,10.554],[107.546,10.544]]]]}},{"type":"Feature","properties":{"name":"Cà Mau"},"geometry":{"type":"MultiPolygon","coordinates":[[[[104.833,8.443],[104.836,8.456],[104.83,8.459],[104.829,8.472],[104.824,8.472],[104.818,8.459],[104.819,8.453],[104.823,8.445],[104.829,8.44],[104.833,8.443]]],[[[105.265,9.426],[105.245,9.435],[105.204,9.456],[105.182,9.471],[105.164,9.491],[105.144,9.502],[105.131,9.515],[105.05,9.573],[105.014,9.589],[104.992,9.593],[104.962,9.59],[104.913,9.59],[104.895,9.578],[104.876,9.553],[104.841,9.572],[104.838,9.558],[104.834,9.448],[104.819,9.238],[104.814,9.209],[104.798,9.142],[104.802,9.111],[104.802,9.021],[104.805,8.925],[104.797,8.885],[104.786,8.858],[104.778,8.824],[104.784,8.803],[104.798,8.788],[104.821,8.792],[104.87,8.817],[104.886,8.816],[104.879,8.797],[104.858,8.788],[104.836,8.781],[104.817,8.768],[104.808,8.744],[104.803,8.725],[104.793,8.716],[104.79,8.691],[104.799,8.671],[104.791,8.657],[104.771,8.649],[104.742,8.643],[104.717,8.646],[104.708,8.631],[104.715,8.613],[104.735,8.601],[104.764,8.592],[104.827,8.579],[104.879,8.576],[104.928,8.581],[104.981,8.597],[105.012,8.612],[105.055,8.629],[105.108,8.658],[105.156,8.691],[105.213,8.756],[105.233,8.77],[105.254,8.779],[105.299,8.814],[105.318,8.835],[105.343,8.872],[105.375,8.935],[105.39,8.965],[105.399,8.998],[105.414,9.025],[105.433,9.051],[105.441,9.059],[105.438,9.056],[105.415,9.078],[105.399,9.088],[105.335,9.103],[105.295,9.119],[105.273,9.124],[105.262,9.133],[105.256,9.148],[105.266,9.165],[105.278,9.195],[105.265,9.211],[105.245,9.225],[105.234,9.258],[105.262,9.294],[105.279,9.33],[105.267,9.343],[105.268,9.364],[105.28,9.386],[105.265,9.426]]]]}},{"type":"Feature","properties":{"name":"Cần Thơ"},"geometry":{"type":"Polygon","coordinates":[[[105.215,10.203],[105.229,10.201],[105.264,10.182],[105.276,10.169],[105.287,10.15],[105.294,10.143],[105.309,10.133],[105.324,10.131],[105.334,10.125],[105.355,10.092],[105.381,10.071],[105.391,10.057],[105.41,10.038],[105.443,10.012],[105.45,10],[105.463,9.983],[105.513,9.937],[105.549,9.91],[105.564,9.907],[105.572,9.903],[105.591,9.917],[105.597,9.94],[105.607,9.943],[105.642,9.918],[105.651,9.91],[105.675,9.91],[105.694,9.907],[105.704,9.899],[105.714,9.896],[105.735,9.899],[105.748,9.906],[105.761,9.918],[105.771,9.919],[105.789,9.909],[105.796,9.907],[105.83,9.903],[105.86,9.904],[105.872,9.906],[105.882,9.925],[105.891,9.934],[105.9,9.941],[105.903,9.941],[105.877,9.961],[105.844,9.991],[105.819,10.017],[105.797,10.053],[105.746,10.097],[105.721,10.114],[105.684,10.135],[105.685,10.139],[105.676,10.171],[105.634,10.21],[105.606,10.272],[105.596,10.288],[105.534,10.329],[105.523,10.331],[105.495,10.344],[105.492,10.343],[105.475,10.335],[105.455,10.329],[105.45,10.312],[105.443,10.296],[105.423,10.286],[105.376,10.278],[105.342,10.284],[105.329,10.299],[105.308,10.297],[105.277,10.278],[105.266,10.269],[105.229,10.224],[105.215,10.203]]]}},{"type":"Feature","properties":{"name":"Cao Bằng"},"geometry":{"type":"Polygon","coordinates":[[[106.192,22.384],[106.201,22.389],[106.212,22.398],[106.215,22.415],[106.219,22.423],[106.225,22.428],[106.241,22.431],[106.253,22.431],[106.271,22.424],[106.286,22.413],[106.294,22.397],[106.322,22.38],[106.343,22.373],[106.352,22.358],[106.363,22.347],[106.376,22.34],[106.393,22.337],[106.404,22.336],[106.432,22.339],[106.48,22.334],[106.492,22.337],[106.498,22.342],[106.5,22.357],[106.508,22.364],[106.52,22.373],[106.553,22.384],[106.564,22.39],[106.581,22.395],[106.577,22.404],[106.568,22.415],[106.567,22.428],[106.57,22.437],[106.584,22.451],[106.598,22.468],[106.606,22.506],[106.613,22.522],[106.621,22.567],[106.632,22.572],[106.673,22.563],[106.692,22.564],[106.714,22.574],[106.728,22.588],[106.74,22.613],[106.748,22.64],[106.756,22.65],[106.764,22.663],[106.785,22.69],[106.786,22.709],[106.784,22.725],[106.793,22.738],[106.817,22.758],[106.83,22.782],[106.836,22.789],[106.838,22.803],[106.833,22.806],[106.822,22.808],[106.812,22.807],[106.79,22.814],[106.78,22.822],[106.758,22.831],[106.717,22.858],[106.711,22.873],[106.707,22.887],[106.699,22.886],[106.683,22.871],[106.669,22.87],[106.657,22.873],[106.642,22.875],[106.627,22.908],[106.619,22.916],[106.609,22.92],[106.601,22.92],[106.59,22.916],[106.582,22.917],[106.557,22.932],[106.545,22.932],[106.528,22.927],[106.514,22.917],[106.499,22.903],[106.459,22.884],[106.439,22.878],[106.388,22.873],[106.371,22.868],[106.365,22.861],[106.356,22.858],[106.352,22.858],[106.338,22.864],[106.32,22.867],[106.306,22.868],[106.296,22.874],[106.282,22.886],[106.275,22.907],[106.27,22.916],[106.245,22.954],[106.241,22.959],[106.222,22.968],[106.201,22.974],[106.175,22.985],[106.154,22.988],[106.147,22.985],[106.132,22.983],[106.115,22.983],[106.096,22.993],[106.063,22.992],[106.051,22.991],[106.03,22.983],[106.014,22.982],[106.014,22.975],[106.02,22.966],[106.018,22.958],[105.996,22.942],[105.98,22.937],[105.965,22.942],[105.923,22.94],[105.907,22.932],[105.896,22.925],[105.883,22.924],[105.863,22.944],[105.844,22.971],[105.82,23],[105.799,23.016],[105.776,23.03],[105.756,23.039],[105.742,23.052],[105.726,23.069],[105.712,23.074],[105.697,23.076],[105.675,23.076],[105.653,23.078],[105.611,23.071],[105.598,23.071],[105.584,23.074],[105.579,23.08],[105.575,23.09],[105.573,23.104],[105.566,23.119],[105.556,23.116],[105.531,23.113],[105.518,23.106],[105.508,23.089],[105.503,23.066],[105.498,23.062],[105.497,23.037],[105.494,23.029],[105.484,23.018],[105.461,23.008],[105.435,23.006],[105.414,22.997],[105.379,22.989],[105.374,22.982],[105.368,22.953],[105.365,22.945],[105.338,22.936],[105.312,22.922],[105.305,22.914],[105.305,22.901],[105.302,22.884],[105.294,22.875],[105.284,22.876],[105.274,22.88],[105.268,22.872],[105.277,22.859],[105.313,22.846],[105.322,22.839],[105.333,22.833],[105.341,22.824],[105.345,22.817],[105.4,22.805],[105.437,22.778],[105.45,22.768],[105.471,22.737],[105.479,22.724],[105.482,22.714],[105.477,22.688],[105.478,22.675],[105.496,22.648],[105.502,22.636],[105.513,22.634],[105.529,22.634],[105.531,22.633],[105.543,22.632],[105.556,22.636],[105.569,22.648],[105.598,22.664],[105.608,22.674],[105.615,22.684],[105.632,22.691],[105.644,22.698],[105.67,22.717],[105.677,22.718],[105.691,22.716],[105.715,22.718],[105.728,22.723],[105.735,22.728],[105.75,22.731],[105.755,22.725],[105.756,22.721],[105.755,22.707],[105.763,22.698],[105.774,22.692],[105.777,22.674],[105.774,22.664],[105.768,22.656],[105.741,22.634],[105.737,22.627],[105.738,22.617],[105.758,22.582],[105.799,22.528],[105.808,22.519],[105.828,22.506],[105.84,22.5],[105.891,22.491],[105.917,22.474],[105.93,22.478],[105.946,22.502],[105.96,22.507],[105.979,22.51],[105.988,22.514],[106.003,22.525],[106.032,22.536],[106.043,22.543],[106.062,22.554],[106.072,22.554],[106.076,22.544],[106.082,22.536],[106.108,22.51],[106.114,22.502],[106.121,22.463],[106.121,22.435],[106.115,22.426],[106.111,22.424],[106.108,22.415],[106.113,22.405],[106.124,22.392],[106.146,22.386],[106.173,22.383],[106.191,22.384],[106.192,22.384]]]}},{"type":"Feature","properties":{"name":"Côn Đảo"},"geometry":{"type":"Polygon","coordinates":[[[106.642,8.703],[106.647,8.713],[106.667,8.737],[106.655,8.752],[106.642,8.753],[106.617,8.733],[106.598,8.721],[106.59,8.714],[106.584,8.704],[106.57,8.697],[106.555,8.695],[106.547,8.682],[106.548,8.669],[106.534,8.66],[106.534,8.648],[106.539,8.636],[106.565,8.629],[106.578,8.642],[106.597,8.644],[106.62,8.638],[106.617,8.653],[106.608,8.672],[106.608,8.683],[106.618,8.694],[106.642,8.686],[106.655,8.672],[106.662,8.659],[106.677,8.654],[106.696,8.656],[106.716,8.664],[106.716,8.676],[106.692,8.677],[106.68,8.676],[106.664,8.682],[106.646,8.694],[106.642,8.703]]]}},{"type":"Feature","properties":{"name":"Đà Nẵng"},"geometry":{"type":"MultiPolygon","coordinates":[[[[111.275,15.763],[111.278,15.769],[111.277,15.773],[111.269,15.775],[111.263,15.773],[111.259,15.769],[111.263,15.764],[111.268,15.761],[111.275,15.763]]],[[[111.841,16.034],[111.839,16.038],[111.83,16.037],[111.828,16.034],[111.829,16.03],[111.834,16.028],[111.841,16.034]]],[[[108.195,16.209],[108.158,16.202],[108.149,16.2],[108.135,16.189],[108.119,16.185],[108.097,16.184],[108.076,16.183],[108.066,16.179],[108.052,16.179],[108.043,16.181],[108.015,16.194],[108.007,16.199],[107.997,16.206],[107.99,16.206],[107.981,16.2],[107.972,16.193],[107.943,16.191],[107.929,16.193],[107.914,16.197],[107.902,16.196],[107.887,16.192],[107.879,16.183],[107.881,16.173],[107.878,16.158],[107.866,16.123],[107.864,16.107],[107.861,16.1],[107.845,16.092],[107.838,16.084],[107.835,16.077],[107.821,16.058],[107.819,16.058],[107.824,16.056],[107.837,16.055],[107.869,16.056],[107.896,16.053],[107.916,16.034],[107.925,16.029],[107.943,16.033],[107.955,16.042],[107.965,16.051],[107.971,16.051],[107.984,16.042],[107.989,16.032],[107.996,16.022],[108.013,16.001],[108.016,15.988],[108.013,15.976],[107.994,15.957],[107.992,15.947],[107.992,15.937],[108.005,15.926],[108.015,15.92],[108.036,15.919],[108.055,15.921],[108.065,15.927],[108.092,15.94],[108.132,15.941],[108.148,15.94],[108.174,15.933],[108.187,15.936],[108.216,15.951],[108.225,15.956],[108.233,15.956],[108.243,15.954],[108.249,15.951],[108.256,15.952],[108.269,15.957],[108.289,15.97],[108.292,15.971],[108.282,15.987],[108.27,16.007],[108.26,16.031],[108.255,16.043],[108.251,16.059],[108.253,16.078],[108.26,16.093],[108.271,16.102],[108.283,16.105],[108.307,16.105],[108.323,16.111],[108.334,16.125],[108.334,16.131],[108.324,16.139],[108.319,16.14],[108.307,16.135],[108.294,16.134],[108.285,16.137],[108.273,16.143],[108.27,16.147],[108.256,16.151],[108.245,16.148],[108.23,16.136],[108.223,16.126],[108.226,16.118],[108.236,16.111],[108.239,16.105],[108.239,16.097],[108.226,16.09],[108.216,16.087],[108.205,16.079],[108.19,16.077],[108.179,16.08],[108.168,16.085],[108.146,16.105],[108.132,16.127],[108.133,16.143],[108.139,16.158],[108.15,16.172],[108.186,16.199],[108.193,16.204],[108.195,16.209]]],[[[108.292,15.971],[108.292,15.971],[108.292,15.971],[108.292,15.971]]],[[[111.684,16.502],[111.688,16.503],[111.689,16.512],[111.685,16.515],[111.681,16.515],[111.674,16.511],[111.674,16.505],[111.678,16.501],[111.684,16.502]]],[[[112.794,16.644],[112.793,16.647],[112.788,16.65],[112.783,16.648],[112.783,16.642],[112.788,16.64],[112.794,16.644]]],[[[112.403,16.805],[112.403,16.811],[112.401,16.812],[112.393,16.811],[112.39,16.808],[112.391,16.802],[112.397,16.799],[112.403,16.805]]],[[[112.409,16.903],[112.41,16.906],[112.406,16.909],[112.403,16.909],[112.4,16.906],[112.4,16.901],[112.403,16.9],[112.409,16.903]]]]}},{"type":"Feature","properties":{"name":"Đắk Lắk"},"geometry":{"type":"Polygon","coordinates":[[[107.623,13.318],[107.6,13.299],[107.585,13.272],[107.569,13.223],[107.554,13.192],[107.523,13.132],[107.514,13.106],[107.501,13.072],[107.492,13.04],[107.491,13.012],[107.493,12.984],[107.482,12.956],[107.486,12.936],[107.491,12.924],[107.504,12.865],[107.531,12.834],[107.552,12.795],[107.559,12.795],[107.562,12.797],[107.57,12.798],[107.592,12.798],[107.621,12.803],[107.628,12.803],[107.656,12.793],[107.686,12.79],[107.707,12.781],[107.755,12.771],[107.794,12.766],[107.809,12.767],[107.834,12.772],[107.85,12.78],[107.865,12.791],[107.877,12.788],[107.882,12.772],[107.885,12.757],[107.898,12.75],[107.908,12.742],[107.923,12.726],[107.933,12.706],[107.96,12.693],[107.964,12.682],[107.979,12.673],[107.99,12.661],[108.028,12.628],[108.049,12.606],[108.058,12.581],[108.047,12.578],[108.008,12.582],[107.948,12.574],[107.937,12.567],[107.926,12.564],[107.916,12.548],[107.916,12.538],[107.92,12.529],[107.931,12.52],[107.95,12.516],[107.973,12.517],[107.983,12.512],[107.994,12.5],[107.998,12.489],[108,12.471],[107.994,12.457],[107.968,12.428],[107.964,12.417],[107.963,12.405],[107.974,12.399],[107.986,12.397],[108,12.397],[108.005,12.394],[108.015,12.383],[108.021,12.371],[108.03,12.361],[108.037,12.356],[108.077,12.35],[108.096,12.341],[108.113,12.327],[108.117,12.3],[108.133,12.271],[108.126,12.262],[108.111,12.261],[108.099,12.257],[108.093,12.253],[108.09,12.246],[108.093,12.23],[108.114,12.182],[108.122,12.179],[108.132,12.175],[108.156,12.178],[108.187,12.173],[108.204,12.168],[108.22,12.168],[108.241,12.17],[108.298,12.201],[108.317,12.209],[108.338,12.222],[108.362,12.228],[108.376,12.227],[108.398,12.227],[108.412,12.231],[108.429,12.25],[108.441,12.259],[108.466,12.274],[108.477,12.277],[108.501,12.267],[108.52,12.266],[108.537,12.271],[108.558,12.271],[108.574,12.269],[108.589,12.266],[108.613,12.267],[108.652,12.285],[108.682,12.319],[108.683,12.321],[108.689,12.332],[108.693,12.341],[108.693,12.358],[108.683,12.377],[108.681,12.393],[108.687,12.412],[108.696,12.425],[108.702,12.441],[108.707,12.45],[108.712,12.459],[108.722,12.465],[108.738,12.467],[108.75,12.47],[108.769,12.499],[108.783,12.503],[108.802,12.492],[108.81,12.478],[108.813,12.475],[108.833,12.468],[108.853,12.455],[108.86,12.454],[108.87,12.457],[108.878,12.467],[108.878,12.477],[108.875,12.49],[108.877,12.51],[108.881,12.519],[108.886,12.531],[108.892,12.555],[108.894,12.573],[108.881,12.588],[108.869,12.601],[108.869,12.61],[108.872,12.616],[108.887,12.622],[108.896,12.622],[108.905,12.627],[108.91,12.642],[108.911,12.654],[108.91,12.67],[108.913,12.68],[108.926,12.684],[108.941,12.686],[108.952,12.687],[108.966,12.684],[108.979,12.683],[108.998,12.684],[109.007,12.693],[109.011,12.701],[109.014,12.712],[109.016,12.714],[109.016,12.714],[109.012,12.716],[109.008,12.723],[109.006,12.743],[109.006,12.758],[109.002,12.769],[108.995,12.779],[108.99,12.789],[108.989,12.805],[108.981,12.811],[108.952,12.808],[108.923,12.809],[108.896,12.814],[108.874,12.815],[108.865,12.82],[108.855,12.827],[108.852,12.831],[108.85,12.836],[108.852,12.849],[108.849,12.857],[108.831,12.863],[108.819,12.873],[108.813,12.875],[108.799,12.868],[108.793,12.869],[108.789,12.878],[108.787,12.891],[108.777,12.903],[108.776,12.912],[108.769,12.926],[108.762,12.933],[108.747,12.943],[108.733,12.946],[108.714,12.953],[108.69,12.979],[108.675,12.993],[108.673,12.996],[108.653,13.002],[108.635,13.008],[108.597,13.026],[108.566,13.031],[108.531,13.039],[108.517,13.056],[108.512,13.074],[108.505,13.09],[108.493,13.108],[108.481,13.119],[108.468,13.129],[108.466,13.133],[108.47,13.143],[108.47,13.15],[108.468,13.163],[108.463,13.173],[108.453,13.188],[108.444,13.194],[108.436,13.205],[108.418,13.244],[108.41,13.253],[108.385,13.273],[108.373,13.309],[108.361,13.327],[108.348,13.345],[108.33,13.354],[108.316,13.364],[108.275,13.375],[108.243,13.385],[108.217,13.396],[108.195,13.4],[108.16,13.411],[108.155,13.421],[108.15,13.425],[108.139,13.43],[108.127,13.432],[108.116,13.433],[108.101,13.432],[108.087,13.428],[108.078,13.419],[108.066,13.414],[108.039,13.406],[108.034,13.403],[108.022,13.392],[108.014,13.389],[107.988,13.395],[107.979,13.396],[107.962,13.393],[107.943,13.393],[107.925,13.399],[107.915,13.406],[107.905,13.411],[107.892,13.414],[107.877,13.415],[107.826,13.411],[107.806,13.402],[107.782,13.386],[107.772,13.382],[107.76,13.381],[107.707,13.38],[107.686,13.376],[107.679,13.374],[107.657,13.357],[107.634,13.332],[107.623,13.318]]]}},{"type":"Feature","properties":{"name":"Đắk Nông"},"geometry":{"type":"Polygon","coordinates":[[[107.398,11.768],[107.407,11.758],[107.416,11.754],[107.433,11.756],[107.446,11.764],[107.459,11.767],[107.47,11.774],[107.477,11.784],[107.489,11.793],[107.502,11.797],[107.52,11.796],[107.539,11.791],[107.552,11.794],[107.571,11.806],[107.609,11.839],[107.617,11.849],[107.647,11.868],[107.659,11.879],[107.673,11.897],[107.682,11.913],[107.696,11.918],[107.709,11.914],[107.714,11.903],[107.716,11.888],[107.721,11.873],[107.734,11.863],[107.752,11.852],[107.773,11.847],[107.818,11.87],[107.826,11.872],[107.835,11.876],[107.881,11.873],[107.894,11.858],[107.895,11.845],[107.893,11.833],[107.894,11.816],[107.897,11.806],[107.909,11.801],[107.923,11.801],[107.936,11.807],[107.943,11.807],[107.949,11.805],[107.965,11.794],[107.971,11.785],[108.001,11.793],[108.01,11.799],[108.023,11.804],[108.051,11.817],[108.076,11.834],[108.086,11.849],[108.093,11.867],[108.093,11.881],[108.083,11.902],[108.069,11.921],[108.033,11.95],[108.03,11.954],[108.033,11.971],[108.008,12.012],[107.983,12.049],[107.973,12.052],[107.957,12.053],[107.955,12.066],[107.965,12.077],[107.975,12.096],[107.984,12.103],[107.998,12.11],[108.027,12.114],[108.08,12.116],[108.087,12.121],[108.093,12.129],[108.103,12.148],[108.116,12.164],[108.119,12.175],[108.122,12.179],[108.114,12.182],[108.093,12.23],[108.09,12.246],[108.093,12.253],[108.099,12.257],[108.111,12.261],[108.126,12.262],[108.133,12.271],[108.117,12.3],[108.113,12.327],[108.096,12.341],[108.077,12.35],[108.037,12.356],[108.03,12.361],[108.021,12.371],[108.015,12.383],[108.005,12.394],[108,12.397],[107.986,12.397],[107.974,12.399],[107.963,12.405],[107.964,12.417],[107.968,12.428],[107.994,12.457],[108,12.471],[107.998,12.489],[107.994,12.5],[107.983,12.512],[107.973,12.517],[107.95,12.516],[107.931,12.52],[107.92,12.529],[107.916,12.538],[107.916,12.548],[107.926,12.564],[107.937,12.567],[107.948,12.574],[108.008,12.582],[108.047,12.578],[108.058,12.581],[108.049,12.606],[108.028,12.628],[107.99,12.661],[107.979,12.673],[107.964,12.682],[107.96,12.693],[107.933,12.706],[107.923,12.726],[107.908,12.742],[107.898,12.75],[107.885,12.757],[107.882,12.772],[107.877,12.788],[107.865,12.791],[107.85,12.78],[107.834,12.772],[107.809,12.767],[107.794,12.766],[107.755,12.771],[107.707,12.781],[107.686,12.79],[107.656,12.793],[107.628,12.803],[107.621,12.803],[107.592,12.798],[107.57,12.798],[107.562,12.797],[107.559,12.795],[107.552,12.795],[107.554,12.792],[107.554,12.778],[107.55,12.744],[107.552,12.729],[107.557,12.704],[107.571,12.684],[107.571,12.67],[107.568,12.66],[107.566,12.634],[107.579,12.607],[107.582,12.593],[107.583,12.573],[107.587,12.556],[107.571,12.523],[107.57,12.499],[107.573,12.487],[107.564,12.471],[107.551,12.439],[107.547,12.423],[107.543,12.386],[107.545,12.378],[107.54,12.359],[107.537,12.353],[107.53,12.35],[107.521,12.338],[107.511,12.33],[107.49,12.318],[107.483,12.316],[107.449,12.291],[107.439,12.277],[107.439,12.264],[107.432,12.253],[107.42,12.246],[107.398,12.248],[107.39,12.26],[107.381,12.28],[107.367,12.303],[107.346,12.316],[107.325,12.324],[107.309,12.324],[107.265,12.314],[107.239,12.299],[107.23,12.296],[107.222,12.293],[107.211,12.294],[107.212,12.285],[107.218,12.273],[107.227,12.263],[107.234,12.25],[107.241,12.223],[107.244,12.199],[107.244,12.188],[107.247,12.154],[107.249,12.141],[107.253,12.13],[107.251,12.116],[107.247,12.098],[107.241,12.083],[107.24,12.07],[107.243,12.054],[107.252,12.041],[107.283,12.021],[107.352,11.983],[107.358,11.977],[107.367,11.957],[107.377,11.929],[107.395,11.911],[107.404,11.894],[107.406,11.881],[107.414,11.87],[107.424,11.865],[107.431,11.854],[107.428,11.842],[107.419,11.824],[107.408,11.808],[107.4,11.79],[107.398,11.768]]]}},{"type":"Feature","properties":{"name":"Điện Biên"},"geometry":{"type":"Polygon","coordinates":[[[102.325,22.541],[102.322,22.547],[102.317,22.543],[102.302,22.517],[102.298,22.506],[102.287,22.496],[102.281,22.488],[102.273,22.483],[102.269,22.478],[102.264,22.465],[102.254,22.462],[102.255,22.455],[102.258,22.45],[102.272,22.432],[102.276,22.424],[102.274,22.413],[102.269,22.409],[102.26,22.41],[102.254,22.414],[102.248,22.419],[102.231,22.427],[102.21,22.427],[102.204,22.43],[102.195,22.431],[102.182,22.43],[102.172,22.428],[102.163,22.422],[102.157,22.416],[102.146,22.401],[102.148,22.388],[102.162,22.383],[102.17,22.374],[102.171,22.363],[102.178,22.349],[102.189,22.346],[102.199,22.341],[102.195,22.327],[102.197,22.308],[102.206,22.3],[102.232,22.283],[102.24,22.27],[102.241,22.253],[102.246,22.238],[102.255,22.233],[102.282,22.224],[102.286,22.217],[102.297,22.205],[102.318,22.2],[102.328,22.196],[102.334,22.189],[102.339,22.175],[102.347,22.167],[102.364,22.164],[102.375,22.16],[102.384,22.138],[102.397,22.136],[102.42,22.125],[102.432,22.117],[102.446,22.098],[102.446,22.083],[102.45,22.076],[102.463,22.069],[102.483,22.042],[102.491,22.038],[102.503,22.037],[102.518,22.032],[102.519,22.023],[102.514,22.018],[102.497,22.011],[102.488,22.002],[102.504,21.979],[102.529,21.962],[102.572,21.935],[102.606,21.924],[102.617,21.916],[102.619,21.91],[102.615,21.881],[102.616,21.874],[102.635,21.862],[102.64,21.853],[102.638,21.849],[102.639,21.839],[102.653,21.821],[102.665,21.782],[102.663,21.76],[102.656,21.745],[102.651,21.729],[102.657,21.712],[102.666,21.699],[102.67,21.67],[102.676,21.659],[102.692,21.654],[102.72,21.66],[102.738,21.657],[102.754,21.66],[102.77,21.674],[102.784,21.698],[102.801,21.709],[102.82,21.726],[102.824,21.732],[102.82,21.756],[102.821,21.796],[102.816,21.811],[102.815,21.821],[102.816,21.832],[102.819,21.841],[102.834,21.848],[102.85,21.839],[102.852,21.825],[102.859,21.81],[102.864,21.776],[102.864,21.72],[102.867,21.707],[102.874,21.703],[102.889,21.705],[102.894,21.71],[102.918,21.72],[102.931,21.721],[102.96,21.731],[102.976,21.733],[102.986,21.717],[102.985,21.704],[102.991,21.684],[102.991,21.672],[102.991,21.657],[102.987,21.641],[102.993,21.625],[102.998,21.599],[102.969,21.544],[102.948,21.523],[102.936,21.513],[102.921,21.504],[102.912,21.491],[102.899,21.469],[102.893,21.456],[102.876,21.44],[102.875,21.424],[102.884,21.42],[102.896,21.429],[102.909,21.446],[102.927,21.453],[102.943,21.453],[102.942,21.439],[102.934,21.425],[102.902,21.38],[102.893,21.359],[102.9,21.339],[102.896,21.304],[102.872,21.287],[102.858,21.279],[102.832,21.267],[102.821,21.26],[102.818,21.251],[102.825,21.247],[102.835,21.245],[102.864,21.25],[102.875,21.249],[102.895,21.243],[102.898,21.239],[102.911,21.231],[102.907,21.206],[102.908,21.183],[102.913,21.169],[102.925,21.159],[102.936,21.155],[102.94,21.149],[102.942,21.131],[102.947,21.122],[102.968,21.103],[102.971,21.093],[102.968,21.085],[102.97,21.075],[102.975,21.07],[102.981,21.066],[102.993,21.062],[103.012,21.061],[103.027,21.057],[103.034,21.053],[103.041,21.046],[103.055,21.01],[103.076,20.968],[103.089,20.949],[103.105,20.922],[103.107,20.913],[103.121,20.902],[103.135,20.902],[103.161,20.905],[103.204,20.903],[103.217,20.896],[103.217,20.896],[103.23,20.894],[103.237,20.894],[103.253,20.898],[103.262,20.899],[103.275,20.912],[103.278,20.94],[103.292,20.951],[103.296,20.961],[103.297,20.983],[103.293,20.99],[103.285,21.005],[103.29,21.02],[103.279,21.048],[103.281,21.059],[103.296,21.062],[103.297,21.069],[103.287,21.076],[103.284,21.09],[103.294,21.097],[103.307,21.097],[103.33,21.093],[103.344,21.086],[103.366,21.069],[103.383,21.058],[103.394,21.056],[103.409,21.06],[103.419,21.068],[103.42,21.073],[103.416,21.089],[103.408,21.104],[103.399,21.113],[103.394,21.122],[103.403,21.133],[103.412,21.149],[103.426,21.166],[103.438,21.186],[103.439,21.199],[103.434,21.219],[103.44,21.252],[103.438,21.286],[103.434,21.302],[103.424,21.315],[103.396,21.32],[103.383,21.33],[103.388,21.345],[103.385,21.357],[103.378,21.359],[103.359,21.372],[103.344,21.4],[103.335,21.41],[103.338,21.416],[103.372,21.426],[103.413,21.425],[103.432,21.421],[103.444,21.428],[103.447,21.438],[103.457,21.453],[103.459,21.491],[103.466,21.5],[103.487,21.513],[103.511,21.519],[103.529,21.531],[103.531,21.54],[103.538,21.546],[103.545,21.557],[103.549,21.578],[103.552,21.587],[103.557,21.592],[103.564,21.604],[103.566,21.627],[103.569,21.635],[103.596,21.662],[103.6,21.671],[103.598,21.68],[103.598,21.694],[103.596,21.701],[103.585,21.716],[103.566,21.735],[103.559,21.753],[103.547,21.765],[103.545,21.773],[103.545,21.801],[103.542,21.813],[103.53,21.84],[103.516,21.866],[103.495,21.877],[103.486,21.897],[103.49,21.912],[103.492,21.939],[103.506,21.953],[103.503,21.964],[103.498,21.963],[103.491,21.963],[103.482,21.967],[103.467,21.983],[103.463,21.992],[103.463,21.998],[103.474,22.007],[103.478,22.019],[103.46,22.036],[103.445,22.043],[103.438,22.05],[103.412,22.081],[103.396,22.134],[103.381,22.144],[103.366,22.148],[103.351,22.147],[103.325,22.136],[103.312,22.116],[103.305,22.109],[103.29,22.099],[103.28,22.075],[103.281,22.062],[103.29,22.055],[103.294,22.048],[103.289,22.038],[103.28,22.036],[103.252,22.037],[103.235,22.044],[103.209,22.066],[103.187,22.073],[103.119,22.074],[103.109,22.069],[103.107,22.065],[103.091,22.059],[103.074,22.058],[103.056,22.049],[103.04,22.051],[103.013,22.05],[103.007,22.047],[102.998,22.028],[102.992,22.023],[102.977,22.024],[102.965,22.027],[102.961,22.03],[102.951,22.053],[102.941,22.059],[102.93,22.069],[102.93,22.074],[102.935,22.083],[102.933,22.089],[102.929,22.091],[102.92,22.082],[102.903,22.07],[102.877,22.065],[102.845,22.054],[102.832,22.054],[102.806,22.059],[102.772,22.08],[102.766,22.087],[102.761,22.097],[102.749,22.113],[102.739,22.137],[102.739,22.143],[102.741,22.16],[102.749,22.18],[102.75,22.188],[102.743,22.204],[102.742,22.214],[102.737,22.221],[102.729,22.232],[102.681,22.248],[102.676,22.245],[102.677,22.238],[102.686,22.214],[102.687,22.203],[102.685,22.193],[102.678,22.175],[102.672,22.173],[102.661,22.172],[102.651,22.174],[102.626,22.184],[102.622,22.189],[102.621,22.202],[102.623,22.212],[102.603,22.231],[102.596,22.239],[102.588,22.245],[102.579,22.251],[102.569,22.251],[102.547,22.243],[102.542,22.242],[102.529,22.247],[102.521,22.252],[102.509,22.269],[102.495,22.294],[102.488,22.297],[102.482,22.309],[102.473,22.319],[102.466,22.337],[102.457,22.35],[102.439,22.359],[102.428,22.366],[102.419,22.378],[102.393,22.405],[102.393,22.412],[102.399,22.416],[102.398,22.426],[102.392,22.434],[102.391,22.456],[102.387,22.464],[102.385,22.467],[102.367,22.474],[102.358,22.486],[102.349,22.493],[102.343,22.508],[102.339,22.513],[102.336,22.523],[102.33,22.536],[102.325,22.541]]]}},{"type":"Feature","properties":{"name":"Đồng Nai"},"geometry":{"type":"Polygon","coordinates":[[[107.492,10.72],[107.492,10.722],[107.497,10.739],[107.507,10.749],[107.502,10.764],[107.507,10.775],[107.512,10.779],[107.524,10.781],[107.536,10.788],[107.544,10.797],[107.551,10.813],[107.552,10.827],[107.541,10.857],[107.539,10.881],[107.544,10.911],[107.541,10.926],[107.541,10.944],[107.531,10.968],[107.53,10.984],[107.523,10.999],[107.504,11.012],[107.485,11.016],[107.462,11.019],[107.438,11.025],[107.424,11.031],[107.398,11.046],[107.433,11.089],[107.446,11.097],[107.449,11.114],[107.445,11.126],[107.44,11.151],[107.464,11.18],[107.481,11.218],[107.492,11.233],[107.514,11.246],[107.531,11.275],[107.528,11.324],[107.532,11.349],[107.535,11.357],[107.528,11.361],[107.521,11.368],[107.512,11.373],[107.502,11.383],[107.49,11.399],[107.488,11.416],[107.485,11.424],[107.48,11.429],[107.474,11.431],[107.466,11.43],[107.455,11.425],[107.446,11.424],[107.439,11.428],[107.435,11.433],[107.438,11.444],[107.442,11.45],[107.449,11.454],[107.465,11.474],[107.465,11.479],[107.457,11.488],[107.452,11.497],[107.445,11.502],[107.435,11.506],[107.414,11.514],[107.398,11.518],[107.385,11.517],[107.376,11.522],[107.373,11.529],[107.361,11.542],[107.347,11.548],[107.315,11.546],[107.314,11.546],[107.306,11.543],[107.257,11.532],[107.224,11.524],[107.171,11.506],[107.141,11.499],[107.105,11.484],[107.084,11.47],[107.071,11.443],[107.071,11.409],[107.052,11.38],[107.034,11.357],[106.97,11.311],[106.949,11.305],[106.944,11.304],[106.933,11.277],[106.921,11.257],[106.906,11.22],[106.9,11.214],[106.9,11.193],[106.915,11.179],[106.937,11.164],[106.949,11.136],[106.949,11.107],[106.937,11.057],[106.91,11.019],[106.876,11.013],[106.85,11.017],[106.811,11.019],[106.783,11.006],[106.767,10.982],[106.77,10.952],[106.774,10.925],[106.803,10.911],[106.811,10.91],[106.824,10.908],[106.841,10.883],[106.843,10.851],[106.87,10.821],[106.877,10.803],[106.87,10.779],[106.863,10.769],[106.847,10.754],[106.828,10.743],[106.795,10.73],[106.773,10.716],[106.747,10.702],[106.729,10.689],[106.737,10.663],[106.753,10.642],[106.785,10.627],[106.817,10.615],[106.836,10.611],[106.853,10.611],[106.88,10.608],[106.89,10.598],[106.901,10.582],[106.911,10.574],[106.934,10.558],[106.97,10.545],[106.984,10.55],[106.989,10.562],[106.984,10.578],[106.984,10.588],[106.988,10.599],[107.007,10.606],[107.004,10.622],[107.011,10.637],[107.023,10.651],[107.035,10.658],[107.078,10.641],[107.099,10.652],[107.12,10.667],[107.128,10.693],[107.129,10.708],[107.131,10.717],[107.159,10.729],[107.173,10.742],[107.188,10.744],[107.207,10.73],[107.232,10.723],[107.264,10.718],[107.279,10.706],[107.281,10.684],[107.295,10.655],[107.328,10.657],[107.343,10.675],[107.36,10.704],[107.386,10.741],[107.405,10.757],[107.42,10.755],[107.448,10.742],[107.477,10.723],[107.492,10.72]]]}},{"type":"Feature","properties":{"name":"Đồng Tháp"},"geometry":{"type":"Polygon","coordinates":[[[105.492,10.343],[105.495,10.344],[105.523,10.331],[105.534,10.329],[105.596,10.288],[105.606,10.272],[105.634,10.21],[105.676,10.171],[105.685,10.139],[105.69,10.154],[105.694,10.168],[105.699,10.179],[105.711,10.19],[105.719,10.218],[105.731,10.224],[105.744,10.224],[105.765,10.218],[105.791,10.192],[105.816,10.176],[105.836,10.178],[105.868,10.203],[105.911,10.213],[105.915,10.222],[105.913,10.236],[105.894,10.259],[105.892,10.269],[105.895,10.278],[105.893,10.278],[105.854,10.301],[105.85,10.307],[105.834,10.311],[105.827,10.319],[105.823,10.332],[105.805,10.352],[105.8,10.365],[105.8,10.374],[105.804,10.392],[105.815,10.395],[105.827,10.395],[105.833,10.401],[105.849,10.427],[105.878,10.458],[105.918,10.486],[105.926,10.493],[105.927,10.508],[105.928,10.519],[105.927,10.533],[105.927,10.539],[105.907,10.54],[105.895,10.565],[105.882,10.58],[105.864,10.615],[105.843,10.636],[105.822,10.648],[105.794,10.658],[105.781,10.664],[105.767,10.674],[105.739,10.701],[105.731,10.713],[105.688,10.765],[105.68,10.773],[105.644,10.802],[105.611,10.832],[105.602,10.863],[105.586,10.89],[105.508,10.953],[105.5,10.954],[105.486,10.961],[105.471,10.966],[105.444,10.965],[105.433,10.975],[105.42,10.979],[105.41,10.959],[105.406,10.944],[105.39,10.926],[105.365,10.902],[105.354,10.889],[105.338,10.877],[105.294,10.892],[105.283,10.892],[105.261,10.897],[105.211,10.917],[105.195,10.917],[105.184,10.915],[105.185,10.914],[105.192,10.9],[105.197,10.875],[105.202,10.864],[105.207,10.848],[105.212,10.836],[105.223,10.82],[105.237,10.81],[105.295,10.784],[105.297,10.771],[105.303,10.759],[105.322,10.758],[105.336,10.756],[105.344,10.743],[105.351,10.716],[105.344,10.7],[105.338,10.664],[105.345,10.648],[105.348,10.629],[105.36,10.61],[105.372,10.597],[105.395,10.583],[105.433,10.575],[105.467,10.575],[105.499,10.573],[105.514,10.569],[105.549,10.54],[105.557,10.528],[105.569,10.503],[105.571,10.476],[105.57,10.463],[105.555,10.451],[105.541,10.423],[105.533,10.411],[105.517,10.396],[105.505,10.371],[105.501,10.359],[105.492,10.343]]]}},{"type":"Feature","properties":{"name":"Gia Lai"},"geometry":{"type":"Polygon","coordinates":[[[108.687,14.565],[108.665,14.597],[108.656,14.606],[108.647,14.612],[108.631,14.615],[108.631,14.615],[108.63,14.614],[108.627,14.612],[108.597,14.601],[108.587,14.596],[108.543,14.587],[108.531,14.587],[108.493,14.594],[108.485,14.597],[108.477,14.606],[108.47,14.625],[108.458,14.632],[108.449,14.631],[108.434,14.623],[108.426,14.612],[108.424,14.597],[108.427,14.587],[108.44,14.569],[108.446,14.557],[108.445,14.55],[108.415,14.526],[108.397,14.505],[108.383,14.497],[108.354,14.448],[108.346,14.439],[108.333,14.432],[108.295,14.425],[108.275,14.42],[108.261,14.411],[108.226,14.397],[108.201,14.392],[108.175,14.39],[108.16,14.386],[108.14,14.373],[108.132,14.37],[108.125,14.362],[108.121,14.343],[108.113,14.322],[108.102,14.311],[108.068,14.29],[108.022,14.27],[108.01,14.268],[107.982,14.27],[107.969,14.273],[107.954,14.278],[107.923,14.299],[107.914,14.301],[107.905,14.3],[107.893,14.295],[107.879,14.287],[107.877,14.277],[107.871,14.264],[107.85,14.243],[107.799,14.227],[107.777,14.225],[107.737,14.238],[107.716,14.237],[107.708,14.229],[107.683,14.17],[107.678,14.149],[107.676,14.13],[107.671,14.108],[107.657,14.09],[107.634,14.073],[107.623,14.062],[107.597,14.043],[107.582,14.04],[107.567,14.04],[107.552,14.038],[107.54,14.027],[107.523,13.995],[107.511,13.989],[107.485,13.985],[107.474,13.979],[107.468,13.972],[107.456,13.949],[107.457,13.945],[107.458,13.929],[107.466,13.922],[107.463,13.908],[107.462,13.878],[107.468,13.867],[107.469,13.858],[107.454,13.842],[107.443,13.819],[107.444,13.796],[107.468,13.787],[107.512,13.758],[107.52,13.75],[107.534,13.729],[107.546,13.707],[107.563,13.671],[107.565,13.658],[107.582,13.609],[107.61,13.56],[107.619,13.529],[107.626,13.467],[107.625,13.378],[107.623,13.358],[107.62,13.339],[107.609,13.307],[107.623,13.318],[107.634,13.332],[107.657,13.357],[107.679,13.374],[107.686,13.376],[107.707,13.38],[107.76,13.381],[107.772,13.382],[107.782,13.386],[107.806,13.402],[107.826,13.411],[107.877,13.415],[107.892,13.414],[107.905,13.411],[107.915,13.406],[107.925,13.399],[107.943,13.393],[107.962,13.393],[107.979,13.396],[107.988,13.395],[108.014,13.389],[108.022,13.392],[108.034,13.403],[108.039,13.406],[108.066,13.414],[108.078,13.419],[108.087,13.428],[108.101,13.432],[108.116,13.433],[108.127,13.432],[108.139,13.43],[108.15,13.425],[108.155,13.421],[108.16,13.411],[108.195,13.4],[108.217,13.396],[108.243,13.385],[108.275,13.375],[108.316,13.364],[108.33,13.354],[108.348,13.345],[108.361,13.327],[108.373,13.309],[108.385,13.273],[108.41,13.253],[108.418,13.244],[108.436,13.205],[108.444,13.194],[108.453,13.188],[108.463,13.173],[108.468,13.163],[108.47,13.15],[108.47,13.143],[108.466,13.133],[108.468,13.129],[108.481,13.119],[108.493,13.108],[108.505,13.09],[108.512,13.074],[108.517,13.056],[108.531,13.039],[108.566,13.031],[108.597,13.026],[108.635,13.008],[108.653,13.002],[108.673,12.996],[108.68,12.997],[108.724,13.027],[108.742,13.028],[108.756,13.039],[108.759,13.055],[108.76,13.09],[108.763,13.106],[108.764,13.136],[108.771,13.142],[108.789,13.149],[108.802,13.157],[108.842,13.168],[108.846,13.174],[108.858,13.214],[108.871,13.241],[108.878,13.262],[108.878,13.275],[108.871,13.295],[108.859,13.304],[108.854,13.32],[108.834,13.354],[108.808,13.373],[108.802,13.386],[108.803,13.411],[108.798,13.441],[108.798,13.468],[108.796,13.478],[108.793,13.481],[108.751,13.486],[108.735,13.489],[108.725,13.499],[108.72,13.511],[108.72,13.519],[108.725,13.538],[108.739,13.556],[108.761,13.563],[108.775,13.573],[108.783,13.581],[108.795,13.586],[108.816,13.586],[108.832,13.581],[108.854,13.568],[108.86,13.577],[108.865,13.591],[108.866,13.606],[108.864,13.615],[108.855,13.649],[108.844,13.674],[108.84,13.688],[108.846,13.716],[108.854,13.74],[108.857,13.754],[108.857,13.77],[108.847,13.804],[108.838,13.816],[108.827,13.838],[108.819,13.855],[108.816,13.869],[108.81,13.885],[108.801,13.9],[108.789,13.91],[108.777,13.929],[108.773,13.94],[108.777,13.969],[108.798,14.011],[108.799,14.022],[108.796,14.041],[108.779,14.064],[108.766,14.079],[108.749,14.107],[108.741,14.123],[108.729,14.14],[108.723,14.153],[108.719,14.203],[108.72,14.223],[108.712,14.26],[108.716,14.274],[108.712,14.3],[108.699,14.325],[108.693,14.35],[108.688,14.361],[108.678,14.442],[108.668,14.468],[108.659,14.477],[108.656,14.488],[108.658,14.5],[108.663,14.503],[108.674,14.501],[108.687,14.503],[108.7,14.514],[108.702,14.523],[108.691,14.548],[108.687,14.565]]]}},{"type":"Feature","properties":{"name":"Hà Giang"},"geometry":{"type":"Polygon","coordinates":[[[105.566,23.119],[105.578,23.133],[105.58,23.15],[105.566,23.174],[105.556,23.186],[105.54,23.195],[105.524,23.196],[105.514,23.2],[105.503,23.209],[105.499,23.216],[105.495,23.228],[105.491,23.235],[105.48,23.25],[105.47,23.265],[105.452,23.281],[105.442,23.299],[105.433,23.302],[105.417,23.29],[105.409,23.289],[105.405,23.294],[105.395,23.301],[105.387,23.303],[105.361,23.318],[105.344,23.372],[105.337,23.383],[105.332,23.388],[105.323,23.391],[105.308,23.385],[105.3,23.383],[105.299,23.379],[105.3,23.374],[105.299,23.37],[105.29,23.36],[105.285,23.345],[105.26,23.34],[105.254,23.332],[105.257,23.318],[105.255,23.314],[105.244,23.295],[105.239,23.292],[105.229,23.279],[105.211,23.27],[105.189,23.281],[105.168,23.284],[105.161,23.276],[105.147,23.264],[105.129,23.254],[105.116,23.251],[105.092,23.26],[105.084,23.266],[105.066,23.263],[105.047,23.24],[105.033,23.231],[105.022,23.226],[104.996,23.21],[104.971,23.204],[104.957,23.187],[104.956,23.177],[104.95,23.167],[104.936,23.171],[104.929,23.175],[104.917,23.179],[104.9,23.179],[104.892,23.171],[104.885,23.162],[104.883,23.143],[104.877,23.132],[104.859,23.117],[104.845,23.119],[104.83,23.129],[104.818,23.133],[104.812,23.131],[104.81,23.11],[104.813,23.098],[104.819,23.086],[104.823,23.073],[104.823,23.041],[104.828,23.025],[104.832,23.016],[104.833,22.996],[104.837,22.982],[104.845,22.976],[104.86,22.957],[104.864,22.939],[104.85,22.923],[104.843,22.923],[104.812,22.907],[104.785,22.897],[104.773,22.885],[104.771,22.879],[104.758,22.865],[104.746,22.857],[104.738,22.828],[104.723,22.823],[104.706,22.823],[104.686,22.82],[104.648,22.833],[104.636,22.831],[104.627,22.832],[104.621,22.824],[104.613,22.82],[104.599,22.821],[104.599,22.843],[104.597,22.847],[104.585,22.852],[104.568,22.849],[104.564,22.839],[104.547,22.826],[104.541,22.811],[104.532,22.798],[104.521,22.787],[104.5,22.775],[104.487,22.763],[104.437,22.731],[104.418,22.715],[104.397,22.7],[104.387,22.699],[104.376,22.694],[104.362,22.692],[104.359,22.675],[104.378,22.668],[104.38,22.661],[104.413,22.657],[104.421,22.653],[104.432,22.643],[104.433,22.631],[104.437,22.622],[104.467,22.608],[104.471,22.592],[104.472,22.575],[104.455,22.57],[104.44,22.569],[104.429,22.571],[104.426,22.562],[104.425,22.547],[104.421,22.538],[104.423,22.528],[104.436,22.522],[104.441,22.514],[104.46,22.501],[104.464,22.494],[104.469,22.477],[104.465,22.472],[104.454,22.465],[104.452,22.462],[104.456,22.449],[104.473,22.422],[104.484,22.415],[104.513,22.4],[104.54,22.382],[104.551,22.372],[104.554,22.361],[104.568,22.351],[104.577,22.347],[104.577,22.339],[104.571,22.332],[104.583,22.316],[104.587,22.303],[104.585,22.292],[104.578,22.274],[104.564,22.262],[104.56,22.256],[104.558,22.246],[104.566,22.24],[104.586,22.25],[104.605,22.256],[104.615,22.265],[104.624,22.27],[104.635,22.269],[104.646,22.266],[104.658,22.265],[104.662,22.26],[104.677,22.256],[104.711,22.257],[104.72,22.254],[104.731,22.231],[104.723,22.209],[104.726,22.2],[104.74,22.19],[104.757,22.183],[104.761,22.173],[104.766,22.167],[104.792,22.17],[104.812,22.169],[104.819,22.173],[104.841,22.179],[104.847,22.185],[104.849,22.186],[104.849,22.186],[104.858,22.191],[104.883,22.186],[104.889,22.187],[104.897,22.19],[104.906,22.202],[104.908,22.207],[104.912,22.232],[104.91,22.246],[104.906,22.249],[104.908,22.257],[104.921,22.267],[104.924,22.273],[104.924,22.28],[104.915,22.287],[104.911,22.299],[104.909,22.315],[104.912,22.324],[104.925,22.33],[104.951,22.316],[104.97,22.315],[104.985,22.318],[104.992,22.312],[105.007,22.27],[105.02,22.274],[105.043,22.286],[105.053,22.304],[105.062,22.333],[105.052,22.348],[105.05,22.354],[105.063,22.36],[105.08,22.355],[105.086,22.36],[105.089,22.37],[105.091,22.391],[105.102,22.416],[105.095,22.436],[105.099,22.444],[105.112,22.454],[105.114,22.459],[105.11,22.478],[105.109,22.493],[105.13,22.53],[105.133,22.544],[105.12,22.577],[105.133,22.607],[105.142,22.617],[105.16,22.63],[105.16,22.638],[105.145,22.649],[105.138,22.66],[105.135,22.675],[105.144,22.683],[105.155,22.686],[105.169,22.686],[105.18,22.682],[105.189,22.677],[105.21,22.674],[105.218,22.669],[105.25,22.657],[105.261,22.647],[105.272,22.639],[105.281,22.629],[105.286,22.618],[105.296,22.614],[105.31,22.612],[105.322,22.623],[105.33,22.638],[105.341,22.643],[105.367,22.642],[105.392,22.636],[105.407,22.618],[105.424,22.611],[105.45,22.608],[105.476,22.618],[105.488,22.624],[105.502,22.636],[105.502,22.636],[105.496,22.648],[105.478,22.675],[105.477,22.688],[105.482,22.714],[105.479,22.724],[105.471,22.737],[105.45,22.768],[105.437,22.778],[105.4,22.805],[105.345,22.817],[105.341,22.824],[105.333,22.833],[105.322,22.839],[105.313,22.846],[105.277,22.859],[105.268,22.872],[105.274,22.88],[105.284,22.876],[105.294,22.875],[105.302,22.884],[105.305,22.901],[105.305,22.914],[105.312,22.922],[105.338,22.936],[105.365,22.945],[105.368,22.953],[105.374,22.982],[105.379,22.989],[105.414,22.997],[105.435,23.006],[105.461,23.008],[105.484,23.018],[105.494,23.029],[105.497,23.037],[105.498,23.062],[105.503,23.066],[105.508,23.089],[105.518,23.106],[105.531,23.113],[105.556,23.116],[105.566,23.119]]]}},{"type":"Feature","properties":{"name":"Hà Nam"},"geometry":{"type":"Polygon","coordinates":[[[105.932,20.366],[105.939,20.374],[105.941,20.383],[105.952,20.391],[105.973,20.403],[105.984,20.407],[106.006,20.4],[106.02,20.401],[106.032,20.41],[106.034,20.421],[106.047,20.431],[106.076,20.434],[106.099,20.455],[106.11,20.471],[106.121,20.473],[106.137,20.465],[106.156,20.469],[106.169,20.487],[106.184,20.494],[106.196,20.492],[106.212,20.481],[106.224,20.478],[106.232,20.478],[106.232,20.478],[106.234,20.491],[106.229,20.505],[106.224,20.541],[106.216,20.557],[106.19,20.574],[106.187,20.582],[106.183,20.595],[106.174,20.609],[106.171,20.612],[106.169,20.615],[106.167,20.618],[106.162,20.617],[106.149,20.616],[106.13,20.607],[106.118,20.609],[106.109,20.618],[106.099,20.635],[106.097,20.658],[106.093,20.671],[106.08,20.693],[106.073,20.697],[106.072,20.695],[106.064,20.676],[106.059,20.668],[106.05,20.659],[106.039,20.655],[106.028,20.659],[106.023,20.668],[106.01,20.679],[105.991,20.678],[105.968,20.655],[105.953,20.648],[105.916,20.649],[105.9,20.649],[105.891,20.647],[105.877,20.636],[105.872,20.631],[105.867,20.617],[105.868,20.602],[105.865,20.59],[105.858,20.573],[105.854,20.567],[105.842,20.557],[105.836,20.556],[105.814,20.546],[105.819,20.537],[105.832,20.516],[105.848,20.502],[105.855,20.491],[105.872,20.468],[105.885,20.436],[105.888,20.416],[105.886,20.406],[105.884,20.398],[105.887,20.394],[105.891,20.388],[105.913,20.379],[105.93,20.367],[105.932,20.366]]]}},{"type":"Feature","properties":{"name":"Hà Nội"},"geometry":{"type":"Polygon","coordinates":[[[105.969,21.35],[105.969,21.35],[105.934,21.364],[105.927,21.371],[105.918,21.39],[105.903,21.391],[105.892,21.396],[105.887,21.401],[105.874,21.405],[105.869,21.404],[105.853,21.399],[105.854,21.389],[105.857,21.374],[105.853,21.359],[105.847,21.35],[105.841,21.338],[105.83,21.323],[105.817,21.317],[105.792,21.289],[105.788,21.274],[105.796,21.261],[105.805,21.252],[105.82,21.242],[105.83,21.231],[105.859,21.211],[105.862,21.206],[105.857,21.192],[105.852,21.164],[105.843,21.145],[105.835,21.14],[105.801,21.143],[105.794,21.145],[105.758,21.164],[105.705,21.175],[105.691,21.184],[105.683,21.187],[105.668,21.187],[105.657,21.181],[105.648,21.172],[105.628,21.162],[105.584,21.157],[105.567,21.162],[105.549,21.174],[105.536,21.179],[105.526,21.185],[105.52,21.195],[105.516,21.204],[105.51,21.257],[105.5,21.275],[105.5,21.28],[105.491,21.285],[105.476,21.288],[105.46,21.296],[105.445,21.297],[105.433,21.296],[105.423,21.285],[105.4,21.27],[105.399,21.258],[105.406,21.248],[105.409,21.237],[105.411,21.221],[105.401,21.204],[105.392,21.196],[105.382,21.191],[105.369,21.189],[105.362,21.185],[105.359,21.166],[105.36,21.142],[105.364,21.124],[105.378,21.104],[105.384,21.087],[105.381,21.079],[105.374,21.063],[105.36,21.04],[105.36,21.025],[105.364,21.021],[105.37,21.017],[105.376,21.016],[105.382,21.021],[105.39,21.017],[105.395,21.011],[105.4,21.003],[105.417,21.01],[105.443,21.017],[105.456,21.025],[105.479,21.028],[105.503,21.027],[105.514,21.024],[105.524,21.015],[105.541,21.011],[105.555,21],[105.566,20.987],[105.584,20.97],[105.589,20.956],[105.591,20.926],[105.595,20.92],[105.605,20.917],[105.622,20.916],[105.638,20.921],[105.642,20.919],[105.641,20.909],[105.634,20.903],[105.628,20.894],[105.628,20.88],[105.624,20.86],[105.636,20.835],[105.635,20.83],[105.621,20.815],[105.621,20.804],[105.629,20.798],[105.639,20.802],[105.647,20.821],[105.658,20.828],[105.669,20.829],[105.682,20.827],[105.685,20.824],[105.691,20.812],[105.694,20.799],[105.695,20.784],[105.698,20.773],[105.701,20.747],[105.717,20.724],[105.718,20.709],[105.717,20.645],[105.711,20.633],[105.714,20.621],[105.737,20.613],[105.751,20.606],[105.774,20.599],[105.784,20.595],[105.791,20.585],[105.812,20.551],[105.814,20.546],[105.836,20.556],[105.842,20.557],[105.854,20.567],[105.858,20.573],[105.865,20.59],[105.868,20.602],[105.867,20.617],[105.872,20.631],[105.877,20.636],[105.891,20.647],[105.9,20.649],[105.916,20.649],[105.953,20.648],[105.968,20.655],[105.991,20.678],[106.01,20.679],[106.023,20.668],[106.028,20.659],[106.039,20.655],[106.05,20.659],[106.059,20.668],[106.064,20.676],[106.072,20.695],[106.073,20.697],[106.071,20.699],[106.066,20.703],[106.045,20.713],[106.035,20.72],[106.029,20.737],[106.022,20.779],[106.018,20.783],[106.008,20.784],[105.997,20.791],[105.992,20.795],[105.986,20.806],[105.979,20.811],[105.976,20.822],[105.978,20.839],[105.984,20.846],[105.994,20.852],[106,20.86],[105.999,20.871],[105.998,20.877],[105.995,20.884],[105.98,20.893],[105.969,20.902],[105.96,20.92],[105.959,20.923],[105.962,20.926],[105.965,20.936],[105.967,20.966],[105.974,20.981],[105.986,20.992],[105.999,20.993],[106.009,20.996],[106.027,21.013],[106.03,21.018],[106.036,21.027],[106.042,21.036],[106.047,21.051],[106.048,21.067],[106.043,21.08],[106.029,21.094],[105.99,21.104],[105.967,21.111],[105.964,21.118],[105.959,21.143],[105.964,21.159],[105.966,21.186],[105.964,21.238],[105.97,21.25],[105.974,21.253],[105.993,21.266],[106.008,21.272],[106.011,21.272],[105.993,21.292],[105.992,21.306],[105.975,21.327],[105.972,21.335],[105.971,21.346],[105.969,21.349],[105.969,21.35]]]}},{"type":"Feature","properties":{"name":"Hà Tĩnh"},"geometry":{"type":"Polygon","coordinates":[[[105.189,18.601],[105.175,18.595],[105.164,18.585],[105.161,18.58],[105.158,18.569],[105.149,18.552],[105.149,18.536],[105.139,18.517],[105.127,18.475],[105.127,18.463],[105.132,18.446],[105.155,18.415],[105.17,18.398],[105.18,18.394],[105.204,18.387],[105.213,18.379],[105.222,18.354],[105.218,18.341],[105.213,18.332],[105.21,18.317],[105.227,18.305],[105.252,18.291],[105.26,18.283],[105.264,18.272],[105.271,18.263],[105.285,18.259],[105.304,18.24],[105.325,18.26],[105.341,18.252],[105.337,18.234],[105.331,18.218],[105.332,18.198],[105.34,18.187],[105.36,18.175],[105.373,18.166],[105.403,18.154],[105.42,18.151],[105.429,18.163],[105.432,18.174],[105.433,18.188],[105.443,18.201],[105.456,18.207],[105.467,18.207],[105.479,18.203],[105.501,18.189],[105.505,18.185],[105.523,18.141],[105.54,18.109],[105.543,18.097],[105.547,18.091],[105.574,18.085],[105.583,18.075],[105.587,18.04],[105.587,18.02],[105.598,18.008],[105.613,18.011],[105.624,18.006],[105.628,17.995],[105.644,17.985],[105.645,17.985],[105.66,17.983],[105.673,17.977],[105.688,17.976],[105.707,17.976],[105.715,17.98],[105.726,17.987],[105.732,18.011],[105.743,18.025],[105.757,18.027],[105.802,18.023],[105.859,18.025],[105.864,18.028],[105.866,18.042],[105.857,18.051],[105.852,18.06],[105.859,18.069],[105.876,18.075],[105.887,18.083],[105.901,18.088],[105.91,18.09],[105.927,18.085],[105.935,18.086],[105.946,18.076],[105.954,18.064],[105.964,18.059],[105.982,18.062],[105.994,18.053],[106.001,18.041],[106.005,18.03],[106.012,18.025],[106.033,18.026],[106.052,18.014],[106.064,17.996],[106.062,17.984],[106.05,17.968],[106.045,17.958],[106.046,17.953],[106.053,17.95],[106.077,17.936],[106.15,17.918],[106.18,17.918],[106.209,17.928],[106.217,17.929],[106.236,17.928],[106.262,17.92],[106.271,17.919],[106.275,17.927],[106.276,17.946],[106.283,17.954],[106.291,17.961],[106.305,17.963],[106.316,17.97],[106.332,17.986],[106.341,17.99],[106.394,17.977],[106.405,17.974],[106.411,17.97],[106.428,17.965],[106.437,17.964],[106.444,17.965],[106.453,17.957],[106.458,17.957],[106.465,17.958],[106.493,17.957],[106.5,17.96],[106.509,17.961],[106.504,17.969],[106.492,17.978],[106.474,17.997],[106.446,18.011],[106.438,18.018],[106.434,18.032],[106.433,18.053],[106.424,18.072],[106.42,18.084],[106.425,18.127],[106.421,18.132],[106.413,18.13],[106.41,18.123],[106.412,18.117],[106.41,18.107],[106.405,18.102],[106.393,18.103],[106.367,18.11],[106.328,18.14],[106.316,18.148],[106.267,18.198],[106.252,18.211],[106.236,18.223],[106.201,18.243],[106.185,18.255],[106.145,18.277],[106.112,18.28],[106.095,18.284],[106.065,18.304],[106.059,18.315],[106.025,18.346],[105.971,18.414],[105.96,18.423],[105.945,18.451],[105.94,18.483],[105.934,18.48],[105.934,18.469],[105.932,18.467],[105.919,18.474],[105.882,18.506],[105.866,18.529],[105.855,18.55],[105.844,18.564],[105.825,18.593],[105.811,18.626],[105.798,18.65],[105.791,18.684],[105.789,18.715],[105.786,18.731],[105.779,18.754],[105.774,18.761],[105.767,18.759],[105.761,18.755],[105.754,18.748],[105.752,18.741],[105.758,18.723],[105.774,18.698],[105.775,18.678],[105.77,18.671],[105.761,18.668],[105.753,18.668],[105.734,18.672],[105.729,18.673],[105.724,18.672],[105.715,18.667],[105.691,18.642],[105.683,18.631],[105.682,18.623],[105.683,18.601],[105.677,18.583],[105.637,18.584],[105.615,18.586],[105.603,18.584],[105.588,18.576],[105.578,18.568],[105.564,18.563],[105.548,18.562],[105.532,18.564],[105.513,18.578],[105.499,18.6],[105.488,18.609],[105.472,18.616],[105.464,18.617],[105.444,18.617],[105.428,18.612],[105.422,18.609],[105.419,18.604],[105.396,18.591],[105.385,18.587],[105.356,18.588],[105.342,18.59],[105.332,18.592],[105.324,18.599],[105.319,18.607],[105.31,18.613],[105.295,18.619],[105.272,18.635],[105.259,18.635],[105.244,18.62],[105.236,18.607],[105.23,18.601],[105.222,18.598],[105.211,18.599],[105.204,18.602],[105.189,18.601]]]}},{"type":"Feature","properties":{"name":"Hải Dương"},"geometry":{"type":"Polygon","coordinates":[[[106.386,21.166],[106.386,21.166],[106.386,21.166],[106.386,21.165],[106.387,21.163],[106.386,21.155],[106.387,21.131],[106.391,21.12],[106.39,21.108],[106.372,21.07],[106.367,21.05],[106.349,21.026],[106.298,21.018],[106.281,21.012],[106.232,21.006],[106.221,21.006],[106.215,21.001],[106.208,20.984],[106.199,20.978],[106.199,20.973],[106.209,20.956],[106.209,20.949],[106.205,20.938],[106.2,20.931],[106.198,20.91],[106.187,20.875],[106.185,20.848],[106.19,20.833],[106.2,20.816],[106.218,20.795],[106.239,20.778],[106.255,20.769],[106.265,20.756],[106.28,20.723],[106.294,20.71],[106.299,20.692],[106.309,20.694],[106.334,20.709],[106.371,20.712],[106.384,20.717],[106.394,20.724],[106.409,20.729],[106.418,20.726],[106.423,20.722],[106.428,20.728],[106.435,20.731],[106.446,20.731],[106.46,20.738],[106.482,20.757],[106.501,20.757],[106.514,20.754],[106.523,20.75],[106.541,20.75],[106.552,20.757],[106.562,20.772],[106.576,20.781],[106.586,20.793],[106.593,20.83],[106.601,20.837],[106.606,20.847],[106.597,20.867],[106.601,20.9],[106.615,20.903],[106.631,20.902],[106.639,20.905],[106.649,20.933],[106.653,20.956],[106.661,20.973],[106.691,20.982],[106.704,20.998],[106.701,21.016],[106.694,21.033],[106.695,21.051],[106.716,21.064],[106.733,21.079],[106.725,21.089],[106.715,21.1],[106.707,21.103],[106.687,21.103],[106.665,21.099],[106.646,21.101],[106.63,21.109],[106.619,21.118],[106.597,21.118],[106.579,21.126],[106.568,21.135],[106.567,21.148],[106.573,21.167],[106.593,21.173],[106.603,21.174],[106.608,21.184],[106.599,21.196],[106.6,21.204],[106.609,21.216],[106.611,21.24],[106.609,21.252],[106.611,21.261],[106.611,21.262],[106.585,21.264],[106.576,21.269],[106.536,21.277],[106.512,21.273],[106.508,21.268],[106.497,21.263],[106.483,21.249],[106.462,21.232],[106.441,21.229],[106.431,21.226],[106.421,21.212],[106.419,21.199],[106.412,21.183],[106.405,21.176],[106.386,21.166]]]}},{"type":"Feature","properties":{"name":"Hải Phòng"},"geometry":{"type":"MultiPolygon","coordinates":[[[[107.871,20.11],[107.875,20.113],[107.878,20.119],[107.875,20.124],[107.868,20.124],[107.864,20.122],[107.861,20.118],[107.859,20.112],[107.862,20.11],[107.871,20.11]]],[[[107.264,20.694],[107.258,20.697],[107.249,20.694],[107.247,20.689],[107.237,20.689],[107.236,20.683],[107.248,20.682],[107.261,20.684],[107.264,20.687],[107.264,20.694]]],[[[106.958,20.82],[106.956,20.831],[106.953,20.834],[106.946,20.831],[106.943,20.825],[106.947,20.819],[106.954,20.818],[106.958,20.82]]],[[[107.015,20.852],[107.038,20.868],[107.052,20.891],[107.054,20.897],[107.053,20.903],[107.05,20.908],[107.041,20.913],[107.03,20.916],[107.021,20.912],[107.012,20.901],[106.984,20.884],[106.971,20.864],[106.973,20.857],[106.984,20.851],[107.002,20.847],[107.015,20.852]]],[[[107.169,20.801],[107.183,20.823],[107.201,20.89],[107.193,20.907],[107.158,20.914],[107.144,20.916],[107.108,20.927],[107.082,20.925],[107.071,20.91],[107.072,20.884],[107.076,20.866],[107.084,20.854],[107.095,20.843],[107.129,20.792],[107.146,20.787],[107.169,20.801]]],[[[106.423,20.722],[106.431,20.716],[106.44,20.706],[106.45,20.698],[106.462,20.69],[106.477,20.655],[106.494,20.638],[106.507,20.631],[106.52,20.634],[106.53,20.641],[106.544,20.647],[106.558,20.649],[106.594,20.652],[106.617,20.644],[106.633,20.634],[106.636,20.631],[106.639,20.639],[106.644,20.646],[106.657,20.656],[106.675,20.658],[106.683,20.656],[106.691,20.65],[106.708,20.643],[106.721,20.64],[106.73,20.641],[106.757,20.65],[106.765,20.654],[106.772,20.663],[106.777,20.677],[106.797,20.692],[106.798,20.7],[106.788,20.721],[106.793,20.729],[106.816,20.74],[106.832,20.75],[106.841,20.76],[106.848,20.761],[106.866,20.753],[106.881,20.754],[106.892,20.767],[106.889,20.79],[106.869,20.821],[106.869,20.834],[106.878,20.845],[106.895,20.858],[106.915,20.878],[106.881,20.927],[106.886,20.941],[106.898,20.96],[106.904,20.969],[106.912,20.975],[106.913,20.987],[106.913,20.996],[106.904,21.028],[106.895,21.039],[106.877,21.051],[106.853,21.06],[106.825,21.061],[106.811,21.063],[106.801,21.067],[106.787,21.071],[106.762,21.071],[106.737,21.078],[106.733,21.079],[106.716,21.064],[106.695,21.051],[106.694,21.033],[106.701,21.016],[106.704,20.998],[106.691,20.982],[106.661,20.973],[106.653,20.956],[106.649,20.933],[106.639,20.905],[106.631,20.902],[106.615,20.903],[106.601,20.9],[106.597,20.867],[106.606,20.847],[106.601,20.837],[106.593,20.83],[106.586,20.793],[106.576,20.781],[106.562,20.772],[106.552,20.757],[106.541,20.75],[106.523,20.75],[106.514,20.754],[106.501,20.757],[106.482,20.757],[106.46,20.738],[106.446,20.731],[106.435,20.731],[106.428,20.728],[106.423,20.722]]]]}},{"type":"Feature","properties":{"name":"Hậu Giang"},"geometry":{"type":"Polygon","coordinates":[[[105.55,9.615],[105.558,9.626],[105.575,9.631],[105.598,9.634],[105.622,9.643],[105.65,9.647],[105.672,9.655],[105.704,9.668],[105.731,9.683],[105.755,9.697],[105.778,9.705],[105.801,9.723],[105.828,9.74],[105.84,9.755],[105.845,9.795],[105.846,9.819],[105.858,9.845],[105.865,9.866],[105.867,9.895],[105.872,9.906],[105.86,9.904],[105.83,9.903],[105.796,9.907],[105.789,9.909],[105.771,9.919],[105.761,9.918],[105.748,9.906],[105.735,9.899],[105.714,9.896],[105.704,9.899],[105.694,9.907],[105.675,9.91],[105.651,9.91],[105.642,9.918],[105.607,9.943],[105.597,9.94],[105.591,9.917],[105.572,9.903],[105.564,9.907],[105.549,9.91],[105.543,9.912],[105.54,9.893],[105.524,9.868],[105.504,9.848],[105.477,9.836],[105.455,9.82],[105.425,9.781],[105.417,9.761],[105.408,9.748],[105.376,9.729],[105.355,9.713],[105.344,9.694],[105.377,9.678],[105.392,9.666],[105.395,9.65],[105.403,9.634],[105.427,9.631],[105.453,9.623],[105.483,9.621],[105.52,9.615],[105.55,9.615]]]}},{"type":"Feature","properties":{"name":"Ho Chi Minh"},"geometry":{"type":"Polygon","coordinates":[[[107.007,10.606],[106.988,10.599],[106.984,10.588],[106.984,10.578],[106.989,10.562],[106.984,10.55],[106.97,10.545],[106.934,10.558],[106.911,10.574],[106.901,10.582],[106.89,10.598],[106.88,10.608],[106.853,10.611],[106.836,10.611],[106.817,10.615],[106.785,10.627],[106.753,10.642],[106.737,10.663],[106.729,10.689],[106.747,10.702],[106.773,10.716],[106.795,10.73],[106.828,10.743],[106.847,10.754],[106.863,10.769],[106.87,10.779],[106.877,10.803],[106.87,10.821],[106.843,10.851],[106.841,10.883],[106.824,10.908],[106.811,10.91],[106.812,10.902],[106.807,10.885],[106.769,10.874],[106.754,10.868],[106.732,10.863],[106.711,10.863],[106.692,10.875],[106.672,10.908],[106.634,10.956],[106.618,10.992],[106.612,11.011],[106.6,11.032],[106.571,11.044],[106.55,11.048],[106.527,11.057],[106.522,11.063],[106.519,11.095],[106.504,11.13],[106.491,11.134],[106.476,11.134],[106.468,11.127],[106.458,11.119],[106.45,11.109],[106.445,11.094],[106.442,11.065],[106.426,11.042],[106.409,10.988],[106.412,10.948],[106.419,10.929],[106.422,10.919],[106.467,10.9],[106.515,10.886],[106.527,10.877],[106.534,10.849],[106.529,10.81],[106.522,10.781],[106.501,10.757],[106.469,10.697],[106.477,10.682],[106.521,10.645],[106.536,10.614],[106.572,10.61],[106.601,10.598],[106.626,10.597],[106.677,10.61],[106.695,10.6],[106.734,10.538],[106.744,10.518],[106.746,10.509],[106.746,10.509],[106.75,10.49],[106.765,10.436],[106.776,10.411],[106.791,10.403],[106.808,10.393],[106.814,10.399],[106.835,10.41],[106.834,10.394],[106.827,10.377],[106.834,10.333],[106.88,10.331],[106.903,10.343],[106.92,10.361],[106.922,10.381],[106.908,10.393],[106.899,10.414],[106.91,10.418],[106.924,10.418],[106.938,10.439],[106.933,10.47],[106.936,10.48],[106.967,10.49],[106.975,10.499],[106.992,10.5],[107.014,10.494],[107.015,10.507],[107.031,10.541],[107.023,10.547],[107.016,10.558],[107.024,10.58],[107.022,10.592],[107.011,10.603],[107.007,10.606]]]}},{"type":"Feature","properties":{"name":"Hòa Bình"},"geometry":{"type":"Polygon","coordinates":[[[105.814,20.546],[105.812,20.551],[105.791,20.585],[105.784,20.595],[105.774,20.599],[105.751,20.606],[105.737,20.613],[105.714,20.621],[105.711,20.633],[105.717,20.645],[105.718,20.709],[105.717,20.724],[105.701,20.747],[105.698,20.773],[105.695,20.784],[105.694,20.799],[105.691,20.812],[105.685,20.824],[105.682,20.827],[105.669,20.829],[105.658,20.828],[105.647,20.821],[105.639,20.802],[105.629,20.798],[105.621,20.804],[105.621,20.815],[105.635,20.83],[105.636,20.835],[105.624,20.86],[105.628,20.88],[105.628,20.894],[105.634,20.903],[105.641,20.909],[105.642,20.919],[105.638,20.921],[105.622,20.916],[105.605,20.917],[105.595,20.92],[105.591,20.926],[105.589,20.956],[105.584,20.97],[105.566,20.987],[105.555,21],[105.541,21.011],[105.524,21.015],[105.514,21.024],[105.503,21.027],[105.479,21.028],[105.456,21.025],[105.443,21.017],[105.417,21.01],[105.4,21.003],[105.4,21.003],[105.395,20.97],[105.394,20.957],[105.389,20.942],[105.384,20.936],[105.374,20.929],[105.368,20.923],[105.354,20.922],[105.318,20.917],[105.281,20.927],[105.265,20.934],[105.243,20.937],[105.214,20.929],[105.204,20.929],[105.185,20.936],[105.166,20.939],[105.161,20.942],[105.144,20.956],[105.133,20.977],[105.12,20.986],[105.095,20.988],[105.087,20.992],[105.075,21.003],[105.055,21.018],[105.022,21.035],[104.982,21.049],[104.972,21.059],[104.971,21.062],[104.965,21.076],[104.94,21.09],[104.94,21.09],[104.939,21.091],[104.938,21.086],[104.933,21.081],[104.924,21.075],[104.912,21.058],[104.909,21.048],[104.91,21.032],[104.916,21.02],[104.937,21.002],[104.941,20.992],[104.949,20.979],[104.977,20.954],[104.983,20.945],[104.991,20.94],[104.999,20.931],[105.002,20.923],[105.027,20.915],[105.038,20.909],[105.047,20.896],[105.049,20.873],[105.047,20.857],[105.071,20.801],[105.071,20.792],[105.051,20.77],[105.043,20.746],[105.026,20.737],[104.974,20.748],[104.94,20.763],[104.913,20.766],[104.889,20.759],[104.884,20.752],[104.882,20.742],[104.876,20.706],[104.87,20.701],[104.855,20.693],[104.851,20.682],[104.852,20.667],[104.856,20.655],[104.858,20.652],[104.863,20.647],[104.876,20.639],[104.893,20.63],[104.9,20.629],[104.924,20.627],[104.928,20.624],[104.938,20.614],[104.941,20.606],[104.953,20.588],[104.958,20.568],[104.964,20.564],[104.983,20.558],[105.005,20.547],[105.012,20.546],[105.037,20.545],[105.047,20.548],[105.061,20.56],[105.069,20.563],[105.078,20.563],[105.098,20.557],[105.111,20.55],[105.133,20.528],[105.149,20.521],[105.187,20.511],[105.2,20.5],[105.214,20.483],[105.233,20.456],[105.245,20.448],[105.259,20.442],[105.281,20.427],[105.325,20.407],[105.331,20.401],[105.35,20.392],[105.37,20.387],[105.387,20.381],[105.4,20.379],[105.422,20.378],[105.435,20.382],[105.445,20.382],[105.471,20.373],[105.498,20.368],[105.504,20.364],[105.508,20.358],[105.514,20.346],[105.527,20.337],[105.54,20.331],[105.54,20.331],[105.549,20.33],[105.576,20.337],[105.598,20.337],[105.651,20.312],[105.661,20.301],[105.676,20.291],[105.682,20.288],[105.691,20.287],[105.697,20.29],[105.701,20.297],[105.708,20.303],[105.731,20.304],[105.736,20.307],[105.74,20.32],[105.74,20.33],[105.735,20.341],[105.722,20.363],[105.716,20.386],[105.718,20.394],[105.733,20.388],[105.747,20.376],[105.753,20.367],[105.763,20.369],[105.764,20.375],[105.764,20.393],[105.766,20.408],[105.769,20.421],[105.781,20.427],[105.795,20.426],[105.806,20.422],[105.817,20.415],[105.824,20.407],[105.833,20.401],[105.856,20.391],[105.868,20.39],[105.877,20.392],[105.884,20.397],[105.884,20.398],[105.886,20.406],[105.888,20.416],[105.885,20.436],[105.872,20.468],[105.855,20.491],[105.848,20.502],[105.832,20.516],[105.819,20.537],[105.814,20.546]]]}},{"type":"Feature","properties":{"name":"Hưng Yên"},"geometry":{"type":"Polygon","coordinates":[[[106.03,21.018],[106.027,21.013],[106.009,20.996],[105.999,20.993],[105.986,20.992],[105.974,20.981],[105.967,20.966],[105.965,20.936],[105.962,20.926],[105.959,20.923],[105.96,20.92],[105.969,20.902],[105.98,20.893],[105.995,20.884],[105.998,20.877],[105.999,20.871],[106,20.86],[105.994,20.852],[105.984,20.846],[105.978,20.839],[105.976,20.822],[105.979,20.811],[105.986,20.806],[105.992,20.795],[105.997,20.791],[106.008,20.784],[106.018,20.783],[106.022,20.779],[106.029,20.737],[106.035,20.72],[106.045,20.713],[106.066,20.703],[106.071,20.699],[106.073,20.697],[106.08,20.693],[106.093,20.671],[106.097,20.658],[106.099,20.635],[106.109,20.618],[106.118,20.609],[106.13,20.607],[106.149,20.616],[106.162,20.617],[106.167,20.618],[106.167,20.618],[106.177,20.627],[106.185,20.646],[106.194,20.652],[106.241,20.653],[106.256,20.659],[106.271,20.666],[106.295,20.685],[106.299,20.692],[106.299,20.692],[106.294,20.71],[106.28,20.723],[106.265,20.756],[106.255,20.769],[106.239,20.778],[106.218,20.795],[106.2,20.816],[106.19,20.833],[106.185,20.848],[106.187,20.875],[106.198,20.91],[106.2,20.931],[106.205,20.938],[106.209,20.949],[106.209,20.956],[106.199,20.973],[106.199,20.978],[106.199,20.978],[106.187,20.978],[106.176,20.991],[106.169,21.003],[106.158,21.017],[106.133,21.019],[106.118,21.017],[106.064,21.019],[106.045,21.017],[106.03,21.018]]]}},{"type":"Feature","properties":{"name":"Khánh Hòa"},"geometry":{"type":"MultiPolygon","coordinates":[[[[114.348,9.57],[114.351,9.573],[114.352,9.578],[114.341,9.58],[114.333,9.579],[114.333,9.574],[114.339,9.571],[114.348,9.57]]],[[[114.01,9.909],[114.011,9.912],[114.01,9.917],[113.997,9.917],[113.996,9.912],[113.997,9.909],[114.001,9.907],[114.006,9.907],[114.01,9.909]]],[[[114.341,10.069],[114.345,10.082],[114.344,10.088],[114.334,10.087],[114.33,10.077],[114.33,10.069],[114.341,10.069]]],[[[114.34,10.27],[114.348,10.276],[114.353,10.283],[114.352,10.286],[114.347,10.286],[114.342,10.283],[114.33,10.281],[114.325,10.277],[114.333,10.269],[114.34,10.27]]],[[[114.438,10.286],[114.437,10.291],[114.429,10.296],[114.423,10.297],[114.415,10.295],[114.415,10.288],[114.426,10.286],[114.429,10.283],[114.431,10.275],[114.434,10.271],[114.443,10.271],[114.448,10.276],[114.449,10.282],[114.446,10.284],[114.442,10.283],[114.438,10.286]]],[[[114.261,10.947],[114.262,10.95],[114.261,10.953],[114.254,10.954],[114.253,10.951],[114.254,10.947],[114.259,10.945],[114.261,10.947]]],[[[114.996,11.022],[114.997,11.026],[114.994,11.029],[114.991,11.028],[114.989,11.026],[114.991,11.021],[114.996,11.022]]],[[[109.247,12.229],[109.238,12.236],[109.232,12.229],[109.242,12.215],[109.253,12.203],[109.265,12.195],[109.284,12.176],[109.292,12.173],[109.299,12.179],[109.299,12.191],[109.32,12.185],[109.329,12.195],[109.33,12.215],[109.312,12.221],[109.304,12.223],[109.298,12.229],[109.26,12.235],[109.252,12.228],[109.247,12.229]]],[[[108.683,12.321],[108.685,12.317],[108.69,12.313],[108.694,12.308],[108.694,12.285],[108.698,12.277],[108.7,12.251],[108.706,12.21],[108.714,12.201],[108.716,12.19],[108.717,12.178],[108.729,12.161],[108.731,12.16],[108.733,12.16],[108.737,12.157],[108.741,12.156],[108.758,12.154],[108.764,12.153],[108.772,12.154],[108.776,12.158],[108.783,12.159],[108.793,12.156],[108.797,12.143],[108.793,12.13],[108.793,12.119],[108.806,12.06],[108.821,12.02],[108.831,12.015],[108.85,12.012],[108.852,12.007],[108.856,11.987],[108.858,11.966],[108.86,11.951],[108.872,11.934],[108.903,11.922],[108.922,11.918],[108.977,11.898],[108.995,11.897],[109.018,11.892],[109.037,11.88],[109.09,11.823],[109.101,11.815],[109.117,11.807],[109.168,11.81],[109.182,11.813],[109.176,11.819],[109.168,11.833],[109.186,11.851],[109.189,11.865],[109.185,11.875],[109.172,11.864],[109.155,11.828],[109.141,11.819],[109.129,11.822],[109.117,11.834],[109.113,11.847],[109.112,11.864],[109.122,11.883],[109.138,11.897],[109.156,11.907],[109.171,11.92],[109.186,11.942],[109.193,11.963],[109.207,11.971],[109.213,11.956],[109.207,11.937],[109.211,11.914],[109.204,11.903],[109.213,11.882],[109.22,11.882],[109.231,11.878],[109.237,11.872],[109.242,11.864],[109.24,11.853],[109.231,11.85],[109.218,11.854],[109.216,11.846],[109.219,11.838],[109.225,11.832],[109.235,11.83],[109.249,11.831],[109.253,11.842],[109.253,11.852],[109.276,11.863],[109.278,11.879],[109.271,11.889],[109.262,11.896],[109.26,11.904],[109.274,11.942],[109.271,11.955],[109.258,11.974],[109.228,12.002],[109.218,12.024],[109.204,12.061],[109.194,12.078],[109.198,12.091],[109.204,12.107],[109.22,12.121],[109.23,12.142],[109.22,12.179],[109.219,12.195],[109.226,12.207],[109.209,12.242],[109.206,12.247],[109.211,12.26],[109.226,12.286],[109.234,12.29],[109.239,12.303],[109.216,12.341],[109.213,12.382],[109.205,12.401],[109.183,12.418],[109.169,12.433],[109.182,12.447],[109.209,12.442],[109.23,12.411],[109.232,12.396],[109.239,12.381],[109.265,12.362],[109.279,12.348],[109.307,12.354],[109.309,12.376],[109.322,12.379],[109.336,12.389],[109.337,12.408],[109.324,12.424],[109.291,12.445],[109.283,12.478],[109.253,12.498],[109.236,12.531],[109.234,12.547],[109.241,12.57],[109.244,12.588],[109.229,12.59],[109.216,12.585],[109.213,12.591],[109.216,12.633],[109.239,12.664],[109.263,12.683],[109.286,12.721],[109.297,12.733],[109.32,12.753],[109.344,12.759],[109.353,12.754],[109.36,12.739],[109.36,12.712],[109.352,12.694],[109.335,12.673],[109.327,12.643],[109.313,12.623],[109.307,12.609],[109.331,12.584],[109.347,12.573],[109.395,12.545],[109.42,12.544],[109.444,12.562],[109.443,12.592],[109.445,12.624],[109.46,12.649],[109.465,12.673],[109.414,12.707],[109.394,12.739],[109.375,12.789],[109.372,12.804],[109.373,12.824],[109.385,12.841],[109.392,12.846],[109.388,12.847],[109.367,12.856],[109.361,12.85],[109.351,12.843],[109.341,12.839],[109.304,12.837],[109.286,12.835],[109.272,12.831],[109.262,12.826],[109.252,12.819],[109.237,12.813],[109.231,12.814],[109.22,12.823],[109.198,12.827],[109.19,12.825],[109.178,12.818],[109.168,12.803],[109.161,12.787],[109.153,12.779],[109.145,12.775],[109.132,12.771],[109.113,12.751],[109.083,12.74],[109.07,12.737],[109.056,12.735],[109.039,12.73],[109.03,12.725],[109.023,12.72],[109.016,12.714],[109.014,12.712],[109.011,12.701],[109.007,12.693],[108.998,12.684],[108.979,12.683],[108.966,12.684],[108.952,12.687],[108.941,12.686],[108.926,12.684],[108.913,12.68],[108.91,12.67],[108.911,12.654],[108.91,12.642],[108.905,12.627],[108.896,12.622],[108.887,12.622],[108.872,12.616],[108.869,12.61],[108.869,12.601],[108.881,12.588],[108.894,12.573],[108.892,12.555],[108.886,12.531],[108.881,12.519],[108.877,12.51],[108.875,12.49],[108.878,12.477],[108.878,12.467],[108.87,12.457],[108.86,12.454],[108.853,12.455],[108.833,12.468],[108.813,12.475],[108.81,12.478],[108.802,12.492],[108.783,12.503],[108.769,12.499],[108.75,12.47],[108.738,12.467],[108.722,12.465],[108.712,12.459],[108.707,12.45],[108.702,12.441],[108.696,12.425],[108.687,12.412],[108.681,12.393],[108.683,12.377],[108.693,12.358],[108.693,12.341],[108.689,12.332],[108.683,12.321]]]]}},{"type":"Feature","properties":{"name":"Kiên Giang"},"geometry":{"type":"MultiPolygon","coordinates":[[[[104.363,9.761],[104.364,9.773],[104.372,9.786],[104.372,9.797],[104.367,9.797],[104.357,9.795],[104.345,9.786],[104.337,9.768],[104.333,9.752],[104.336,9.722],[104.339,9.705],[104.348,9.697],[104.361,9.695],[104.369,9.706],[104.397,9.713],[104.407,9.721],[104.408,9.734],[104.403,9.746],[104.389,9.764],[104.372,9.755],[104.365,9.755],[104.363,9.761]]],[[[104.634,9.838],[104.647,9.839],[104.658,9.844],[104.666,9.851],[104.665,9.865],[104.655,9.871],[104.645,9.868],[104.634,9.862],[104.629,9.852],[104.607,9.843],[104.609,9.839],[104.625,9.837],[104.634,9.838]]],[[[104.844,9.977],[104.847,9.983],[104.847,9.992],[104.85,9.997],[104.851,10.004],[104.844,10.007],[104.839,10.002],[104.838,9.998],[104.833,9.993],[104.839,9.976],[104.844,9.977]]],[[[104.065,10.365],[104.056,10.389],[104.027,10.424],[104.002,10.445],[103.985,10.448],[103.97,10.43],[103.967,10.41],[103.951,10.387],[103.945,10.371],[103.931,10.362],[103.912,10.362],[103.878,10.378],[103.838,10.376],[103.839,10.355],[103.86,10.324],[103.888,10.301],[103.934,10.275],[103.945,10.263],[103.953,10.247],[103.965,10.216],[103.975,10.197],[103.98,10.176],[103.984,10.129],[103.991,10.095],[103.996,10.054],[104.007,10.029],[104.01,10.006],[104.008,9.997],[104.01,9.991],[104.015,9.988],[104.038,10.032],[104.043,10.052],[104.045,10.076],[104.043,10.095],[104.043,10.126],[104.047,10.171],[104.073,10.247],[104.076,10.266],[104.076,10.336],[104.065,10.365]]],[[[104.777,10.524],[104.719,10.532],[104.668,10.542],[104.65,10.539],[104.633,10.531],[104.614,10.533],[104.596,10.53],[104.579,10.514],[104.54,10.453],[104.521,10.418],[104.492,10.419],[104.474,10.429],[104.458,10.432],[104.436,10.426],[104.431,10.418],[104.433,10.377],[104.471,10.376],[104.498,10.372],[104.518,10.353],[104.565,10.303],[104.577,10.257],[104.58,10.221],[104.599,10.165],[104.629,10.155],[104.654,10.16],[104.681,10.184],[104.7,10.212],[104.732,10.232],[104.765,10.235],[104.813,10.212],[104.857,10.139],[104.873,10.118],[104.898,10.103],[104.917,10.098],[104.965,10.111],[104.997,10.106],[105.037,10.083],[105.074,10.052],[105.096,10.019],[105.101,9.984],[105.1,9.97],[105.083,9.965],[105.053,9.953],[104.97,9.894],[104.926,9.873],[104.908,9.86],[104.889,9.831],[104.876,9.761],[104.863,9.717],[104.854,9.68],[104.84,9.588],[104.841,9.572],[104.876,9.553],[104.895,9.578],[104.913,9.59],[104.962,9.59],[104.992,9.593],[105.014,9.589],[105.05,9.573],[105.131,9.515],[105.144,9.502],[105.164,9.491],[105.182,9.471],[105.204,9.456],[105.245,9.435],[105.265,9.426],[105.276,9.452],[105.287,9.492],[105.29,9.517],[105.32,9.547],[105.319,9.584],[105.301,9.601],[105.282,9.626],[105.295,9.64],[105.333,9.614],[105.366,9.609],[105.379,9.621],[105.402,9.633],[105.395,9.65],[105.392,9.666],[105.377,9.678],[105.344,9.694],[105.355,9.713],[105.376,9.729],[105.408,9.748],[105.417,9.761],[105.425,9.781],[105.455,9.82],[105.477,9.836],[105.504,9.848],[105.524,9.868],[105.54,9.893],[105.543,9.912],[105.549,9.91],[105.513,9.937],[105.463,9.983],[105.45,10],[105.443,10.012],[105.41,10.038],[105.391,10.057],[105.381,10.071],[105.355,10.092],[105.334,10.125],[105.324,10.131],[105.309,10.133],[105.294,10.143],[105.287,10.15],[105.276,10.169],[105.264,10.182],[105.229,10.201],[105.215,10.203],[105.214,10.203],[105.181,10.225],[105.131,10.265],[105.056,10.315],[105.017,10.331],[104.927,10.358],[104.904,10.369],[104.853,10.401],[104.839,10.413],[104.82,10.439],[104.809,10.46],[104.786,10.497],[104.777,10.524]]]]}},{"type":"Feature","properties":{"name":"Kon Tum"},"geometry":{"type":"Polygon","coordinates":[[[108.631,14.615],[108.629,14.634],[108.62,14.645],[108.594,14.654],[108.58,14.657],[108.579,14.667],[108.595,14.71],[108.599,14.729],[108.61,14.744],[108.619,14.75],[108.625,14.766],[108.617,14.779],[108.586,14.809],[108.561,14.827],[108.546,14.829],[108.474,14.855],[108.464,14.866],[108.45,14.897],[108.412,14.931],[108.373,14.972],[108.338,15.002],[108.332,15.016],[108.316,15.042],[108.303,15.047],[108.278,15.052],[108.244,15.077],[108.234,15.078],[108.224,15.07],[108.221,15.056],[108.221,15.039],[108.235,15.003],[108.237,14.993],[108.234,14.987],[108.225,14.984],[108.191,14.985],[108.152,14.983],[108.131,14.989],[108.11,15],[108.084,15.017],[108.078,15.02],[108.06,15.023],[108.036,15.031],[108.03,15.038],[108.016,15.051],[108.013,15.055],[108.024,15.083],[108.033,15.095],[108.036,15.102],[108.055,15.132],[108.059,15.14],[108.059,15.148],[108.053,15.16],[107.994,15.194],[107.977,15.203],[107.927,15.214],[107.879,15.221],[107.849,15.225],[107.797,15.229],[107.779,15.242],[107.772,15.255],[107.766,15.269],[107.762,15.296],[107.749,15.307],[107.728,15.316],[107.7,15.335],[107.679,15.357],[107.673,15.369],[107.671,15.379],[107.663,15.402],[107.636,15.414],[107.617,15.403],[107.601,15.381],[107.601,15.377],[107.613,15.363],[107.63,15.337],[107.638,15.312],[107.636,15.299],[107.619,15.27],[107.628,15.248],[107.634,15.223],[107.625,15.213],[107.598,15.191],[107.604,15.176],[107.615,15.163],[107.623,15.14],[107.625,15.112],[107.613,15.091],[107.613,15.075],[107.619,15.067],[107.612,15.047],[107.594,15.036],[107.586,15.03],[107.576,15.038],[107.563,15.043],[107.551,15.045],[107.52,15.033],[107.484,15.025],[107.469,15.016],[107.465,15.004],[107.475,14.995],[107.479,14.987],[107.486,14.961],[107.497,14.943],[107.509,14.936],[107.518,14.926],[107.548,14.907],[107.589,14.887],[107.595,14.882],[107.596,14.868],[107.582,14.847],[107.571,14.838],[107.544,14.824],[107.52,14.796],[107.523,14.781],[107.53,14.769],[107.535,14.749],[107.529,14.739],[107.527,14.725],[107.553,14.712],[107.555,14.681],[107.559,14.664],[107.558,14.64],[107.537,14.605],[107.521,14.584],[107.53,14.57],[107.532,14.561],[107.532,14.548],[107.527,14.531],[107.522,14.521],[107.513,14.51],[107.51,14.495],[107.504,14.485],[107.5,14.462],[107.502,14.454],[107.489,14.415],[107.48,14.405],[107.472,14.407],[107.466,14.413],[107.456,14.416],[107.444,14.414],[107.415,14.367],[107.411,14.355],[107.401,14.341],[107.394,14.327],[107.393,14.314],[107.406,14.267],[107.405,14.256],[107.395,14.241],[107.388,14.22],[107.378,14.197],[107.368,14.187],[107.352,14.165],[107.334,14.145],[107.33,14.122],[107.33,14.112],[107.342,14.095],[107.352,14.089],[107.364,14.086],[107.369,14.08],[107.369,14.068],[107.36,14.034],[107.36,14.023],[107.368,14.011],[107.377,14.002],[107.396,13.995],[107.435,13.993],[107.453,13.978],[107.458,13.961],[107.455,13.948],[107.468,13.972],[107.474,13.979],[107.485,13.985],[107.511,13.989],[107.523,13.995],[107.54,14.027],[107.552,14.038],[107.567,14.04],[107.582,14.04],[107.597,14.043],[107.623,14.062],[107.634,14.073],[107.657,14.09],[107.671,14.108],[107.676,14.13],[107.678,14.149],[107.683,14.17],[107.708,14.229],[107.716,14.237],[107.737,14.238],[107.777,14.225],[107.799,14.227],[107.85,14.243],[107.871,14.264],[107.877,14.277],[107.879,14.287],[107.893,14.295],[107.905,14.3],[107.914,14.301],[107.923,14.299],[107.954,14.278],[107.969,14.273],[107.982,14.27],[108.01,14.268],[108.022,14.27],[108.068,14.29],[108.102,14.311],[108.113,14.322],[108.121,14.343],[108.125,14.362],[108.132,14.37],[108.14,14.373],[108.16,14.386],[108.175,14.39],[108.201,14.392],[108.226,14.397],[108.261,14.411],[108.275,14.42],[108.295,14.425],[108.333,14.432],[108.346,14.439],[108.354,14.448],[108.383,14.497],[108.397,14.505],[108.415,14.526],[108.445,14.55],[108.446,14.557],[108.44,14.569],[108.427,14.587],[108.424,14.597],[108.426,14.612],[108.434,14.623],[108.449,14.631],[108.458,14.632],[108.47,14.625],[108.477,14.606],[108.485,14.597],[108.493,14.594],[108.531,14.587],[108.543,14.587],[108.587,14.596],[108.597,14.601],[108.627,14.612],[108.63,14.614],[108.631,14.615]]]}},{"type":"Feature","properties":{"name":"Lai Châu"},"geometry":{"type":"Polygon","coordinates":[[[103.503,21.964],[103.505,21.964],[103.512,21.977],[103.514,21.996],[103.52,22.007],[103.527,22.012],[103.535,22.014],[103.561,22.016],[103.587,22.011],[103.623,21.992],[103.651,21.986],[103.663,21.962],[103.671,21.95],[103.688,21.939],[103.692,21.906],[103.697,21.894],[103.709,21.879],[103.713,21.869],[103.716,21.857],[103.715,21.84],[103.711,21.829],[103.71,21.821],[103.719,21.813],[103.734,21.804],[103.75,21.8],[103.787,21.761],[103.796,21.75],[103.804,21.734],[103.815,21.728],[103.825,21.726],[103.835,21.721],[103.846,21.712],[103.851,21.699],[103.855,21.694],[103.877,21.687],[103.884,21.686],[103.899,21.69],[103.901,21.696],[103.905,21.699],[103.924,21.701],[103.925,21.701],[103.929,21.708],[103.941,21.72],[103.952,21.725],[103.967,21.733],[103.976,21.749],[103.973,21.761],[103.953,21.796],[103.932,21.812],[103.924,21.822],[103.913,21.832],[103.896,21.856],[103.893,21.875],[103.893,21.891],[103.902,21.907],[103.922,21.913],[103.942,21.911],[103.953,21.908],[103.967,21.919],[103.971,21.928],[103.981,21.94],[103.978,21.952],[103.981,21.962],[103.984,21.969],[103.984,21.969],[103.983,21.977],[103.98,21.986],[103.978,22.012],[103.963,22.052],[103.961,22.065],[103.957,22.081],[103.954,22.105],[103.941,22.125],[103.935,22.133],[103.928,22.139],[103.918,22.142],[103.901,22.155],[103.882,22.18],[103.873,22.186],[103.873,22.194],[103.87,22.201],[103.86,22.209],[103.856,22.218],[103.851,22.22],[103.841,22.235],[103.837,22.249],[103.82,22.273],[103.803,22.289],[103.788,22.295],[103.78,22.301],[103.771,22.31],[103.769,22.313],[103.768,22.322],[103.784,22.345],[103.783,22.358],[103.778,22.383],[103.773,22.39],[103.769,22.394],[103.751,22.4],[103.744,22.404],[103.736,22.406],[103.726,22.407],[103.695,22.405],[103.647,22.404],[103.635,22.39],[103.629,22.391],[103.621,22.398],[103.615,22.403],[103.602,22.424],[103.6,22.431],[103.585,22.446],[103.567,22.456],[103.561,22.46],[103.554,22.472],[103.568,22.482],[103.579,22.494],[103.586,22.505],[103.593,22.527],[103.584,22.543],[103.577,22.55],[103.571,22.565],[103.568,22.581],[103.553,22.588],[103.542,22.588],[103.537,22.589],[103.531,22.594],[103.517,22.6],[103.506,22.614],[103.496,22.62],[103.483,22.632],[103.442,22.693],[103.426,22.711],[103.421,22.721],[103.44,22.748],[103.435,22.763],[103.413,22.776],[103.4,22.78],[103.377,22.793],[103.369,22.802],[103.345,22.816],[103.337,22.813],[103.324,22.799],[103.322,22.787],[103.314,22.771],[103.29,22.733],[103.286,22.707],[103.273,22.679],[103.258,22.667],[103.245,22.659],[103.192,22.64],[103.175,22.631],[103.164,22.615],[103.161,22.592],[103.168,22.576],[103.181,22.56],[103.175,22.549],[103.156,22.543],[103.142,22.534],[103.115,22.524],[103.088,22.503],[103.081,22.487],[103.078,22.474],[103.077,22.457],[103.064,22.443],[103.037,22.449],[102.991,22.466],[102.948,22.487],[102.918,22.498],[102.878,22.558],[102.868,22.581],[102.862,22.6],[102.84,22.621],[102.793,22.631],[102.778,22.637],[102.761,22.647],[102.741,22.663],[102.725,22.672],[102.698,22.697],[102.68,22.702],[102.667,22.695],[102.652,22.696],[102.614,22.71],[102.592,22.709],[102.567,22.712],[102.546,22.724],[102.537,22.735],[102.531,22.746],[102.519,22.758],[102.496,22.772],[102.489,22.772],[102.469,22.763],[102.465,22.758],[102.46,22.752],[102.457,22.745],[102.455,22.725],[102.441,22.71],[102.429,22.699],[102.422,22.69],[102.412,22.683],[102.397,22.686],[102.39,22.685],[102.392,22.672],[102.399,22.662],[102.407,22.646],[102.416,22.643],[102.42,22.638],[102.42,22.63],[102.408,22.628],[102.399,22.621],[102.383,22.597],[102.36,22.59],[102.355,22.59],[102.35,22.589],[102.349,22.585],[102.354,22.573],[102.354,22.567],[102.348,22.565],[102.335,22.558],[102.331,22.558],[102.327,22.551],[102.322,22.547],[102.325,22.541],[102.33,22.536],[102.336,22.523],[102.339,22.513],[102.343,22.508],[102.349,22.493],[102.358,22.486],[102.367,22.474],[102.385,22.467],[102.387,22.464],[102.391,22.456],[102.392,22.434],[102.398,22.426],[102.399,22.416],[102.393,22.412],[102.393,22.405],[102.419,22.378],[102.428,22.366],[102.439,22.359],[102.457,22.35],[102.466,22.337],[102.473,22.319],[102.482,22.309],[102.488,22.297],[102.495,22.294],[102.509,22.269],[102.521,22.252],[102.529,22.247],[102.542,22.242],[102.547,22.243],[102.569,22.251],[102.579,22.251],[102.588,22.245],[102.596,22.239],[102.603,22.231],[102.623,22.212],[102.621,22.202],[102.622,22.189],[102.626,22.184],[102.651,22.174],[102.661,22.172],[102.672,22.173],[102.678,22.175],[102.685,22.193],[102.687,22.203],[102.686,22.214],[102.677,22.238],[102.676,22.245],[102.681,22.248],[102.729,22.232],[102.737,22.221],[102.742,22.214],[102.743,22.204],[102.75,22.188],[102.749,22.18],[102.741,22.16],[102.739,22.143],[102.739,22.137],[102.749,22.113],[102.761,22.097],[102.766,22.087],[102.772,22.08],[102.806,22.059],[102.832,22.054],[102.845,22.054],[102.877,22.065],[102.903,22.07],[102.92,22.082],[102.929,22.091],[102.933,22.089],[102.935,22.083],[102.93,22.074],[102.93,22.069],[102.941,22.059],[102.951,22.053],[102.961,22.03],[102.965,22.027],[102.977,22.024],[102.992,22.023],[102.998,22.028],[103.007,22.047],[103.013,22.05],[103.04,22.051],[103.056,22.049],[103.074,22.058],[103.091,22.059],[103.107,22.065],[103.109,22.069],[103.119,22.074],[103.187,22.073],[103.209,22.066],[103.235,22.044],[103.252,22.037],[103.28,22.036],[103.289,22.038],[103.294,22.048],[103.29,22.055],[103.281,22.062],[103.28,22.075],[103.29,22.099],[103.305,22.109],[103.312,22.116],[103.325,22.136],[103.351,22.147],[103.366,22.148],[103.381,22.144],[103.396,22.134],[103.412,22.081],[103.438,22.05],[103.445,22.043],[103.46,22.036],[103.478,22.019],[103.474,22.007],[103.463,21.998],[103.463,21.992],[103.467,21.983],[103.482,21.967],[103.491,21.963],[103.498,21.963],[103.503,21.964]]]}},{"type":"Feature","properties":{"name":"Lâm Đồng"},"geometry":{"type":"Polygon","coordinates":[[[107.314,11.546],[107.315,11.546],[107.347,11.548],[107.361,11.542],[107.373,11.529],[107.376,11.522],[107.385,11.517],[107.398,11.518],[107.414,11.514],[107.435,11.506],[107.445,11.502],[107.452,11.497],[107.457,11.488],[107.465,11.479],[107.465,11.474],[107.449,11.454],[107.442,11.45],[107.438,11.444],[107.435,11.433],[107.439,11.428],[107.446,11.424],[107.455,11.425],[107.466,11.43],[107.474,11.431],[107.48,11.429],[107.485,11.424],[107.488,11.416],[107.49,11.399],[107.502,11.383],[107.512,11.373],[107.521,11.368],[107.528,11.361],[107.535,11.357],[107.535,11.357],[107.54,11.357],[107.546,11.362],[107.558,11.379],[107.563,11.393],[107.569,11.397],[107.581,11.397],[107.618,11.369],[107.662,11.356],[107.684,11.341],[107.695,11.341],[107.709,11.349],[107.722,11.364],[107.734,11.375],[107.745,11.38],[107.764,11.383],[107.802,11.38],[107.867,11.371],[107.939,11.356],[107.943,11.351],[107.956,11.351],[107.968,11.348],[107.987,11.342],[107.996,11.338],[108.025,11.328],[108.028,11.326],[108.034,11.315],[108.033,11.293],[108.041,11.258],[108.045,11.255],[108.049,11.245],[108.048,11.233],[108.05,11.227],[108.059,11.231],[108.064,11.245],[108.078,11.256],[108.086,11.265],[108.095,11.267],[108.102,11.268],[108.111,11.275],[108.125,11.285],[108.141,11.29],[108.15,11.296],[108.168,11.303],[108.184,11.304],[108.195,11.311],[108.265,11.369],[108.291,11.393],[108.303,11.412],[108.301,11.424],[108.292,11.438],[108.283,11.443],[108.271,11.447],[108.258,11.463],[108.261,11.493],[108.275,11.507],[108.291,11.516],[108.317,11.521],[108.341,11.522],[108.345,11.515],[108.351,11.509],[108.364,11.509],[108.38,11.517],[108.404,11.522],[108.423,11.518],[108.436,11.517],[108.474,11.521],[108.49,11.527],[108.503,11.526],[108.523,11.512],[108.541,11.51],[108.559,11.519],[108.57,11.529],[108.578,11.549],[108.576,11.552],[108.574,11.56],[108.557,11.582],[108.557,11.596],[108.566,11.607],[108.572,11.611],[108.591,11.614],[108.603,11.617],[108.635,11.629],[108.655,11.634],[108.673,11.643],[108.689,11.653],[108.694,11.674],[108.692,11.69],[108.686,11.71],[108.678,11.726],[108.671,11.748],[108.668,11.765],[108.653,11.775],[108.633,11.787],[108.628,11.799],[108.633,11.809],[108.643,11.82],[108.652,11.834],[108.655,11.848],[108.658,11.885],[108.679,11.995],[108.689,12.02],[108.705,12.04],[108.712,12.057],[108.712,12.073],[108.707,12.087],[108.696,12.1],[108.693,12.113],[108.707,12.143],[108.722,12.159],[108.729,12.161],[108.729,12.161],[108.717,12.178],[108.716,12.19],[108.714,12.201],[108.706,12.21],[108.7,12.251],[108.698,12.277],[108.694,12.285],[108.694,12.308],[108.69,12.313],[108.685,12.317],[108.683,12.321],[108.682,12.319],[108.652,12.285],[108.613,12.267],[108.589,12.266],[108.574,12.269],[108.558,12.271],[108.537,12.271],[108.52,12.266],[108.501,12.267],[108.477,12.277],[108.466,12.274],[108.441,12.259],[108.429,12.25],[108.412,12.231],[108.398,12.227],[108.376,12.227],[108.362,12.228],[108.338,12.222],[108.317,12.209],[108.298,12.201],[108.241,12.17],[108.22,12.168],[108.204,12.168],[108.187,12.173],[108.156,12.178],[108.132,12.175],[108.122,12.179],[108.119,12.175],[108.116,12.164],[108.103,12.148],[108.093,12.129],[108.087,12.121],[108.08,12.116],[108.027,12.114],[107.998,12.11],[107.984,12.103],[107.975,12.096],[107.965,12.077],[107.955,12.066],[107.957,12.053],[107.973,12.052],[107.983,12.049],[108.008,12.012],[108.033,11.971],[108.03,11.954],[108.033,11.95],[108.069,11.921],[108.083,11.902],[108.093,11.881],[108.093,11.867],[108.086,11.849],[108.076,11.834],[108.051,11.817],[108.023,11.804],[108.01,11.799],[108.001,11.793],[107.971,11.785],[107.965,11.794],[107.949,11.805],[107.943,11.807],[107.936,11.807],[107.923,11.801],[107.909,11.801],[107.897,11.806],[107.894,11.816],[107.893,11.833],[107.895,11.845],[107.894,11.858],[107.881,11.873],[107.835,11.876],[107.826,11.872],[107.818,11.87],[107.773,11.847],[107.752,11.852],[107.734,11.863],[107.721,11.873],[107.716,11.888],[107.714,11.903],[107.709,11.914],[107.696,11.918],[107.682,11.913],[107.673,11.897],[107.659,11.879],[107.647,11.868],[107.617,11.849],[107.609,11.839],[107.571,11.806],[107.552,11.794],[107.539,11.791],[107.52,11.796],[107.502,11.797],[107.489,11.793],[107.477,11.784],[107.47,11.774],[107.459,11.767],[107.446,11.764],[107.433,11.756],[107.416,11.754],[107.407,11.758],[107.398,11.768],[107.394,11.766],[107.373,11.767],[107.358,11.753],[107.349,11.748],[107.307,11.736],[107.284,11.725],[107.277,11.701],[107.277,11.688],[107.273,11.678],[107.266,11.667],[107.262,11.655],[107.261,11.642],[107.269,11.63],[107.277,11.627],[107.285,11.62],[107.29,11.61],[107.293,11.56],[107.296,11.554],[107.307,11.547],[107.314,11.546]]]}},{"type":"Feature","properties":{"name":"Lạng Sơn"},"geometry":{"type":"Polygon","coordinates":[[[107.102,21.373],[107.115,21.374],[107.135,21.381],[107.16,21.385],[107.172,21.39],[107.182,21.397],[107.198,21.403],[107.211,21.404],[107.253,21.4],[107.266,21.401],[107.279,21.406],[107.294,21.415],[107.325,21.411],[107.34,21.421],[107.339,21.427],[107.334,21.436],[107.321,21.454],[107.316,21.466],[107.31,21.496],[107.303,21.522],[107.294,21.538],[107.285,21.545],[107.279,21.558],[107.291,21.571],[107.294,21.577],[107.307,21.584],[107.323,21.591],[107.341,21.595],[107.357,21.602],[107.381,21.606],[107.391,21.612],[107.391,21.612],[107.39,21.625],[107.386,21.634],[107.383,21.653],[107.375,21.668],[107.359,21.68],[107.353,21.688],[107.337,21.715],[107.329,21.729],[107.323,21.734],[107.314,21.736],[107.297,21.732],[107.283,21.722],[107.273,21.703],[107.265,21.702],[107.243,21.712],[107.232,21.719],[107.222,21.727],[107.21,21.743],[107.193,21.749],[107.158,21.766],[107.153,21.777],[107.15,21.789],[107.142,21.796],[107.124,21.802],[107.09,21.807],[107.057,21.814],[107.044,21.825],[107.039,21.841],[107.042,21.857],[107.062,21.882],[107.073,21.89],[107.081,21.9],[107.078,21.912],[107.069,21.924],[107.05,21.938],[107.029,21.944],[107.011,21.945],[107.001,21.929],[106.971,21.928],[106.963,21.93],[106.956,21.938],[106.946,21.961],[106.936,21.977],[106.93,21.981],[106.906,21.985],[106.889,21.982],[106.86,21.981],[106.836,21.977],[106.821,21.983],[106.813,22.003],[106.802,22.01],[106.791,22.011],[106.779,22.009],[106.773,22.006],[106.764,21.989],[106.761,21.976],[106.755,21.972],[106.744,21.97],[106.736,21.97],[106.723,21.983],[106.722,21.996],[106.729,22.011],[106.732,22.025],[106.733,22.062],[106.743,22.078],[106.745,22.085],[106.744,22.094],[106.729,22.108],[106.726,22.116],[106.725,22.135],[106.727,22.143],[106.725,22.153],[106.719,22.161],[106.702,22.194],[106.702,22.206],[106.713,22.226],[106.718,22.241],[106.72,22.253],[106.713,22.282],[106.71,22.29],[106.701,22.298],[106.692,22.317],[106.684,22.328],[106.65,22.332],[106.627,22.333],[106.6,22.342],[106.6,22.353],[106.603,22.361],[106.604,22.375],[106.599,22.385],[106.59,22.392],[106.581,22.395],[106.581,22.395],[106.564,22.39],[106.553,22.384],[106.52,22.373],[106.508,22.364],[106.5,22.357],[106.498,22.342],[106.492,22.337],[106.48,22.334],[106.432,22.339],[106.404,22.336],[106.393,22.337],[106.376,22.34],[106.363,22.347],[106.352,22.358],[106.343,22.373],[106.322,22.38],[106.294,22.397],[106.286,22.413],[106.271,22.424],[106.253,22.431],[106.241,22.431],[106.225,22.428],[106.219,22.423],[106.215,22.415],[106.212,22.398],[106.201,22.389],[106.192,22.384],[106.193,22.381],[106.197,22.373],[106.209,22.364],[106.217,22.354],[106.228,22.338],[106.232,22.336],[106.236,22.327],[106.235,22.317],[106.222,22.291],[106.225,22.281],[106.233,22.273],[106.237,22.271],[106.247,22.246],[106.256,22.239],[106.261,22.23],[106.265,22.207],[106.263,22.198],[106.249,22.179],[106.252,22.149],[106.251,22.142],[106.243,22.133],[106.213,22.12],[106.203,22.112],[106.201,22.093],[106.198,22.084],[106.193,22.075],[106.184,22.071],[106.171,22.067],[106.141,22.067],[106.125,22.062],[106.123,22.059],[106.122,22.039],[106.126,22.033],[106.132,22.016],[106.131,21.998],[106.138,21.966],[106.131,21.934],[106.124,21.928],[106.125,21.927],[106.146,21.92],[106.154,21.913],[106.169,21.904],[106.16,21.885],[106.152,21.877],[106.15,21.868],[106.152,21.833],[106.156,21.828],[106.149,21.816],[106.133,21.805],[106.13,21.798],[106.132,21.791],[106.14,21.778],[106.145,21.773],[106.155,21.77],[106.167,21.769],[106.179,21.763],[106.187,21.757],[106.208,21.735],[106.227,21.728],[106.268,21.723],[106.278,21.715],[106.276,21.7],[106.27,21.683],[106.27,21.671],[106.261,21.655],[106.254,21.649],[106.24,21.624],[106.233,21.608],[106.236,21.601],[106.235,21.59],[106.226,21.584],[106.222,21.578],[106.221,21.553],[106.229,21.514],[106.232,21.51],[106.243,21.506],[106.278,21.503],[106.289,21.5],[106.295,21.492],[106.304,21.491],[106.32,21.492],[106.329,21.49],[106.339,21.483],[106.344,21.469],[106.349,21.465],[106.371,21.46],[106.39,21.454],[106.396,21.448],[106.396,21.43],[106.399,21.423],[106.407,21.415],[106.435,21.408],[106.454,21.415],[106.462,21.42],[106.486,21.454],[106.498,21.464],[106.512,21.467],[106.526,21.468],[106.538,21.476],[106.547,21.486],[106.556,21.501],[106.57,21.511],[106.576,21.522],[106.579,21.552],[106.585,21.57],[106.599,21.592],[106.61,21.602],[106.62,21.608],[106.628,21.616],[106.638,21.619],[106.664,21.621],[106.741,21.618],[106.746,21.613],[106.75,21.605],[106.752,21.587],[106.76,21.578],[106.783,21.575],[106.804,21.567],[106.816,21.57],[106.821,21.589],[106.827,21.592],[106.838,21.592],[106.872,21.586],[106.911,21.57],[106.914,21.565],[106.914,21.549],[106.911,21.542],[106.911,21.536],[106.919,21.528],[106.939,21.514],[106.947,21.504],[106.95,21.495],[106.969,21.467],[106.991,21.46],[107.038,21.464],[107.048,21.463],[107.052,21.459],[107.055,21.45],[107.055,21.442],[107.051,21.432],[107.051,21.426],[107.056,21.408],[107.062,21.4],[107.08,21.38],[107.09,21.374],[107.102,21.373]]]}},{"type":"Feature","properties":{"name":"Lào Cai"},"geometry":{"type":"Polygon","coordinates":[[[104.362,22.692],[104.354,22.695],[104.343,22.709],[104.34,22.72],[104.332,22.726],[104.318,22.732],[104.31,22.73],[104.297,22.736],[104.287,22.738],[104.272,22.746],[104.265,22.753],[104.258,22.777],[104.259,22.785],[104.262,22.796],[104.267,22.804],[104.273,22.824],[104.283,22.84],[104.274,22.839],[104.264,22.843],[104.254,22.843],[104.235,22.837],[104.227,22.83],[104.217,22.827],[104.2,22.826],[104.174,22.819],[104.152,22.81],[104.139,22.807],[104.133,22.81],[104.12,22.811],[104.108,22.797],[104.093,22.774],[104.075,22.761],[104.065,22.748],[104.05,22.736],[104.041,22.718],[104.041,22.699],[104.032,22.685],[104.027,22.67],[104.028,22.663],[104.032,22.657],[104.037,22.654],[104.041,22.641],[104.039,22.628],[104.031,22.612],[104.029,22.601],[104.021,22.579],[104.019,22.568],[104.013,22.558],[104.017,22.544],[104.016,22.523],[103.987,22.507],[103.978,22.506],[103.953,22.515],[103.942,22.531],[103.934,22.534],[103.915,22.535],[103.907,22.556],[103.872,22.573],[103.861,22.584],[103.852,22.591],[103.841,22.604],[103.825,22.616],[103.815,22.632],[103.792,22.661],[103.78,22.673],[103.771,22.688],[103.764,22.693],[103.751,22.697],[103.745,22.701],[103.729,22.719],[103.718,22.721],[103.708,22.726],[103.695,22.745],[103.683,22.754],[103.676,22.764],[103.665,22.775],[103.663,22.779],[103.663,22.786],[103.654,22.792],[103.642,22.795],[103.637,22.794],[103.624,22.784],[103.609,22.754],[103.593,22.733],[103.566,22.705],[103.565,22.694],[103.566,22.684],[103.577,22.673],[103.579,22.659],[103.578,22.651],[103.573,22.645],[103.561,22.637],[103.555,22.624],[103.549,22.617],[103.547,22.611],[103.531,22.594],[103.537,22.589],[103.542,22.588],[103.553,22.588],[103.568,22.581],[103.571,22.565],[103.577,22.55],[103.584,22.543],[103.593,22.527],[103.586,22.505],[103.579,22.494],[103.568,22.482],[103.554,22.472],[103.561,22.46],[103.567,22.456],[103.585,22.446],[103.6,22.431],[103.602,22.424],[103.615,22.403],[103.621,22.398],[103.629,22.391],[103.635,22.39],[103.647,22.404],[103.695,22.405],[103.726,22.407],[103.736,22.406],[103.744,22.404],[103.751,22.4],[103.769,22.394],[103.773,22.39],[103.778,22.383],[103.783,22.358],[103.784,22.345],[103.768,22.322],[103.769,22.313],[103.771,22.31],[103.78,22.301],[103.788,22.295],[103.803,22.289],[103.82,22.273],[103.837,22.249],[103.841,22.235],[103.851,22.22],[103.856,22.218],[103.86,22.209],[103.87,22.201],[103.873,22.194],[103.873,22.186],[103.882,22.18],[103.901,22.155],[103.918,22.142],[103.928,22.139],[103.935,22.133],[103.941,22.125],[103.954,22.105],[103.957,22.081],[103.961,22.065],[103.963,22.052],[103.978,22.012],[103.98,21.986],[103.983,21.977],[103.984,21.969],[103.992,21.965],[104.001,21.957],[104.001,21.946],[104.016,21.935],[104.021,21.926],[104.023,21.917],[104.03,21.907],[104.062,21.904],[104.079,21.895],[104.097,21.895],[104.105,21.902],[104.12,21.903],[104.129,21.901],[104.141,21.896],[104.145,21.892],[104.16,21.89],[104.176,21.882],[104.207,21.874],[104.229,21.875],[104.249,21.884],[104.25,21.899],[104.238,21.919],[104.233,21.933],[104.247,21.929],[104.266,21.913],[104.284,21.912],[104.305,21.913],[104.322,21.912],[104.343,21.898],[104.348,21.892],[104.355,21.876],[104.36,21.874],[104.375,21.857],[104.38,21.853],[104.388,21.855],[104.404,21.867],[104.412,21.883],[104.421,21.891],[104.449,21.901],[104.453,21.908],[104.46,21.922],[104.457,21.927],[104.455,21.941],[104.449,21.958],[104.446,21.974],[104.438,21.989],[104.433,22.01],[104.421,22.02],[104.4,22.043],[104.397,22.063],[104.399,22.073],[104.404,22.081],[104.413,22.088],[104.419,22.099],[104.414,22.123],[104.414,22.145],[104.417,22.185],[104.428,22.192],[104.439,22.193],[104.452,22.188],[104.461,22.178],[104.471,22.163],[104.482,22.153],[104.516,22.125],[104.55,22.105],[104.569,22.082],[104.58,22.074],[104.585,22.072],[104.587,22.073],[104.596,22.087],[104.597,22.118],[104.605,22.133],[104.608,22.152],[104.629,22.167],[104.636,22.182],[104.637,22.192],[104.637,22.203],[104.632,22.217],[104.626,22.227],[104.606,22.241],[104.593,22.244],[104.586,22.25],[104.566,22.24],[104.558,22.246],[104.56,22.256],[104.564,22.262],[104.578,22.274],[104.585,22.292],[104.587,22.303],[104.583,22.316],[104.571,22.332],[104.577,22.339],[104.577,22.347],[104.568,22.351],[104.554,22.361],[104.551,22.372],[104.54,22.382],[104.513,22.4],[104.484,22.415],[104.473,22.422],[104.456,22.449],[104.452,22.462],[104.454,22.465],[104.465,22.472],[104.469,22.477],[104.464,22.494],[104.46,22.501],[104.441,22.514],[104.436,22.522],[104.423,22.528],[104.421,22.538],[104.425,22.547],[104.426,22.562],[104.429,22.571],[104.44,22.569],[104.455,22.57],[104.472,22.575],[104.471,22.592],[104.467,22.608],[104.437,22.622],[104.433,22.631],[104.432,22.643],[104.421,22.653],[104.413,22.657],[104.38,22.661],[104.378,22.668],[104.359,22.675],[104.362,22.692]]]}},{"type":"Feature","properties":{"name":"Long An"},"geometry":{"type":"Polygon","coordinates":[[[105.927,10.539],[106.102,10.523],[106.1,10.572],[106.134,10.568],[106.167,10.569],[106.248,10.561],[106.277,10.56],[106.284,10.552],[106.307,10.538],[106.334,10.509],[106.341,10.494],[106.341,10.463],[106.348,10.447],[106.392,10.443],[106.433,10.428],[106.43,10.41],[106.414,10.398],[106.421,10.379],[106.464,10.377],[106.512,10.389],[106.542,10.381],[106.567,10.391],[106.602,10.409],[106.618,10.423],[106.633,10.433],[106.641,10.42],[106.651,10.408],[106.675,10.415],[106.678,10.426],[106.693,10.431],[106.703,10.461],[106.734,10.496],[106.746,10.509],[106.746,10.509],[106.744,10.518],[106.734,10.538],[106.695,10.6],[106.677,10.61],[106.626,10.597],[106.601,10.598],[106.572,10.61],[106.536,10.614],[106.521,10.645],[106.477,10.682],[106.469,10.697],[106.501,10.757],[106.522,10.781],[106.529,10.81],[106.534,10.849],[106.527,10.877],[106.515,10.886],[106.467,10.9],[106.422,10.919],[106.419,10.929],[106.409,10.933],[106.354,10.964],[106.335,10.981],[106.313,10.992],[106.296,10.994],[106.283,10.979],[106.26,10.965],[106.236,10.964],[106.199,10.975],[106.19,10.975],[106.167,10.982],[106.16,10.983],[106.151,10.982],[106.143,10.974],[106.146,10.96],[106.149,10.918],[106.182,10.872],[106.192,10.845],[106.195,10.828],[106.196,10.807],[106.194,10.791],[106.158,10.812],[106.094,10.808],[106.083,10.81],[106.068,10.814],[106.046,10.831],[106.011,10.856],[105.972,10.895],[105.942,10.92],[105.945,10.906],[105.949,10.894],[105.946,10.884],[105.926,10.868],[105.929,10.853],[105.912,10.848],[105.887,10.854],[105.861,10.868],[105.856,10.873],[105.853,10.906],[105.843,10.926],[105.835,10.941],[105.824,10.952],[105.809,10.966],[105.79,10.993],[105.781,11.027],[105.772,11.034],[105.749,11.036],[105.72,11.025],[105.702,11.015],[105.667,11.003],[105.566,10.979],[105.525,10.963],[105.508,10.953],[105.586,10.89],[105.602,10.863],[105.611,10.832],[105.644,10.802],[105.68,10.773],[105.688,10.765],[105.731,10.713],[105.739,10.701],[105.767,10.674],[105.781,10.664],[105.794,10.658],[105.822,10.648],[105.843,10.636],[105.864,10.615],[105.882,10.58],[105.895,10.565],[105.907,10.54],[105.927,10.539]]]}},{"type":"Feature","properties":{"name":"Nam Định"},"geometry":{"type":"Polygon","coordinates":[[[106.232,20.478],[106.232,20.478],[106.224,20.478],[106.212,20.481],[106.196,20.492],[106.184,20.494],[106.169,20.487],[106.156,20.469],[106.137,20.465],[106.121,20.473],[106.11,20.471],[106.099,20.455],[106.076,20.434],[106.047,20.431],[106.034,20.421],[106.032,20.41],[106.02,20.401],[106.006,20.4],[105.984,20.407],[105.973,20.403],[105.952,20.391],[105.941,20.383],[105.939,20.374],[105.932,20.366],[105.942,20.361],[105.956,20.351],[105.966,20.336],[105.976,20.316],[105.997,20.284],[106.006,20.258],[106.035,20.245],[106.045,20.236],[106.058,20.234],[106.074,20.236],[106.091,20.244],[106.099,20.245],[106.1,20.234],[106.111,20.22],[106.138,20.228],[106.153,20.226],[106.162,20.217],[106.168,20.2],[106.175,20.187],[106.18,20.153],[106.174,20.125],[106.156,20.1],[106.149,20.076],[106.143,20.066],[106.13,20.051],[106.123,20.044],[106.113,20.023],[106.109,20.004],[106.103,19.992],[106.101,19.98],[106.1,19.965],[106.111,19.958],[106.154,19.958],[106.172,19.959],[106.181,19.967],[106.185,19.977],[106.191,19.987],[106.201,19.997],[106.229,20.018],[106.251,20.045],[106.277,20.06],[106.323,20.1],[106.349,20.127],[106.381,20.164],[106.402,20.18],[106.411,20.194],[106.429,20.204],[106.497,20.217],[106.518,20.219],[106.528,20.215],[106.532,20.206],[106.536,20.201],[106.542,20.197],[106.545,20.197],[106.557,20.198],[106.566,20.2],[106.588,20.211],[106.599,20.227],[106.606,20.241],[106.61,20.258],[106.606,20.267],[106.603,20.283],[106.603,20.293],[106.599,20.303],[106.567,20.329],[106.553,20.328],[106.536,20.315],[106.478,20.311],[106.464,20.315],[106.45,20.331],[106.441,20.346],[106.43,20.352],[106.422,20.353],[106.393,20.372],[106.378,20.374],[106.369,20.37],[106.361,20.361],[106.331,20.341],[106.32,20.336],[106.304,20.336],[106.297,20.34],[106.298,20.351],[106.317,20.369],[106.326,20.383],[106.328,20.396],[106.324,20.408],[106.314,20.414],[106.294,20.419],[106.266,20.42],[106.261,20.426],[106.26,20.431],[106.269,20.448],[106.272,20.465],[106.267,20.473],[106.256,20.479],[106.249,20.48],[106.235,20.478],[106.232,20.478]]]}},{"type":"Feature","properties":{"name":"Nghệ An"},"geometry":{"type":"Polygon","coordinates":[[[105.729,18.673],[105.735,18.675],[105.754,18.67],[105.759,18.67],[105.766,18.671],[105.772,18.677],[105.773,18.687],[105.767,18.705],[105.758,18.715],[105.748,18.739],[105.748,18.746],[105.761,18.76],[105.757,18.77],[105.748,18.775],[105.741,18.785],[105.734,18.791],[105.723,18.803],[105.718,18.841],[105.716,18.847],[105.701,18.859],[105.696,18.868],[105.65,18.888],[105.643,18.895],[105.627,18.92],[105.615,18.934],[105.603,18.971],[105.608,18.986],[105.609,19.035],[105.618,19.057],[105.628,19.069],[105.631,19.083],[105.641,19.097],[105.659,19.105],[105.675,19.101],[105.686,19.095],[105.699,19.092],[105.716,19.093],[105.731,19.101],[105.734,19.113],[105.73,19.131],[105.732,19.203],[105.746,19.228],[105.757,19.231],[105.77,19.231],[105.781,19.24],[105.786,19.254],[105.787,19.268],[105.795,19.273],[105.801,19.274],[105.808,19.29],[105.804,19.307],[105.783,19.316],[105.754,19.32],[105.726,19.316],[105.71,19.316],[105.687,19.318],[105.676,19.322],[105.667,19.331],[105.662,19.344],[105.651,19.353],[105.642,19.366],[105.626,19.377],[105.616,19.381],[105.593,19.394],[105.583,19.403],[105.567,19.412],[105.553,19.416],[105.544,19.422],[105.539,19.435],[105.538,19.446],[105.532,19.457],[105.523,19.462],[105.512,19.463],[105.481,19.454],[105.465,19.453],[105.428,19.459],[105.38,19.477],[105.37,19.49],[105.36,19.509],[105.357,19.532],[105.35,19.542],[105.341,19.547],[105.332,19.544],[105.316,19.519],[105.306,19.51],[105.298,19.507],[105.283,19.512],[105.279,19.517],[105.274,19.539],[105.27,19.546],[105.268,19.557],[105.277,19.577],[105.278,19.598],[105.275,19.619],[105.273,19.625],[105.272,19.645],[105.268,19.666],[105.262,19.675],[105.24,19.673],[105.225,19.676],[105.214,19.688],[105.173,19.712],[105.166,19.719],[105.16,19.731],[105.154,19.745],[105.132,19.769],[105.125,19.811],[105.127,19.846],[105.13,19.854],[105.142,19.869],[105.155,19.869],[105.169,19.882],[105.189,19.893],[105.196,19.901],[105.19,19.923],[105.184,19.934],[105.168,19.949],[105.148,19.957],[105.106,19.964],[105.077,19.963],[105.062,19.967],[105.014,19.971],[104.996,19.979],[104.985,19.992],[104.98,20.003],[104.969,20.014],[104.958,20.03],[104.94,20.032],[104.933,20.037],[104.929,20.032],[104.91,20.029],[104.901,20.006],[104.894,20.001],[104.863,19.99],[104.855,19.985],[104.845,19.977],[104.833,19.96],[104.829,19.947],[104.83,19.934],[104.835,19.917],[104.843,19.907],[104.852,19.894],[104.86,19.864],[104.858,19.847],[104.852,19.828],[104.845,19.822],[104.836,19.818],[104.795,19.808],[104.787,19.799],[104.771,19.792],[104.762,19.786],[104.75,19.776],[104.73,19.766],[104.713,19.751],[104.69,19.722],[104.662,19.669],[104.656,19.65],[104.645,19.63],[104.638,19.627],[104.621,19.63],[104.599,19.628],[104.58,19.625],[104.566,19.621],[104.542,19.621],[104.526,19.63],[104.515,19.642],[104.498,19.653],[104.469,19.656],[104.449,19.669],[104.443,19.684],[104.432,19.702],[104.417,19.705],[104.364,19.694],[104.339,19.674],[104.326,19.693],[104.311,19.698],[104.251,19.702],[104.236,19.697],[104.225,19.689],[104.189,19.673],[104.18,19.666],[104.174,19.655],[104.162,19.646],[104.151,19.644],[104.137,19.648],[104.128,19.655],[104.106,19.665],[104.087,19.673],[104.076,19.676],[104.069,19.669],[104.066,19.662],[104.065,19.651],[104.07,19.641],[104.066,19.63],[104.067,19.617],[104.084,19.592],[104.095,19.578],[104.109,19.569],[104.109,19.56],[104.126,19.546],[104.129,19.541],[104.132,19.53],[104.129,19.519],[104.131,19.508],[104.141,19.495],[104.137,19.487],[104.114,19.471],[104.108,19.455],[104.105,19.449],[104.092,19.436],[104.085,19.42],[104.067,19.407],[104.047,19.4],[103.988,19.384],[103.979,19.38],[103.966,19.362],[103.958,19.347],[103.951,19.341],[103.936,19.338],[103.911,19.328],[103.885,19.322],[103.879,19.318],[103.878,19.309],[103.884,19.304],[103.895,19.303],[103.905,19.306],[103.912,19.303],[103.929,19.288],[103.951,19.271],[103.968,19.254],[104.015,19.235],[104.042,19.239],[104.06,19.244],[104.071,19.244],[104.086,19.239],[104.101,19.226],[104.103,19.218],[104.119,19.212],[104.126,19.211],[104.135,19.206],[104.156,19.203],[104.175,19.195],[104.187,19.186],[104.207,19.158],[104.227,19.153],[104.222,19.132],[104.223,19.116],[104.235,19.108],[104.259,19.105],[104.273,19.112],[104.291,19.114],[104.335,19.079],[104.353,19.071],[104.375,19.066],[104.387,19.06],[104.399,19.048],[104.407,19.033],[104.416,19.024],[104.418,19.017],[104.449,18.987],[104.464,18.986],[104.472,18.989],[104.478,18.995],[104.491,19.003],[104.498,19.001],[104.512,18.986],[104.521,18.981],[104.533,18.981],[104.547,18.976],[104.552,18.966],[104.551,18.958],[104.563,18.943],[104.571,18.927],[104.586,18.909],[104.628,18.887],[104.634,18.877],[104.643,18.869],[104.654,18.865],[104.668,18.858],[104.673,18.85],[104.678,18.839],[104.694,18.837],[104.708,18.838],[104.713,18.835],[104.724,18.82],[104.753,18.799],[104.769,18.797],[104.778,18.8],[104.812,18.785],[104.839,18.784],[104.864,18.777],[104.873,18.782],[104.885,18.785],[104.894,18.785],[104.914,18.789],[104.924,18.788],[104.936,18.78],[104.942,18.771],[104.953,18.748],[104.961,18.743],[104.972,18.743],[104.985,18.745],[105.006,18.744],[105.017,18.746],[105.024,18.74],[105.028,18.733],[105.044,18.731],[105.052,18.725],[105.06,18.714],[105.077,18.705],[105.103,18.707],[105.109,18.709],[105.131,18.703],[105.139,18.699],[105.151,18.702],[105.161,18.694],[105.157,18.681],[105.163,18.668],[105.19,18.655],[105.196,18.647],[105.197,18.642],[105.197,18.627],[105.189,18.601],[105.204,18.602],[105.211,18.599],[105.222,18.598],[105.23,18.601],[105.236,18.607],[105.244,18.62],[105.259,18.635],[105.272,18.635],[105.295,18.619],[105.31,18.613],[105.319,18.607],[105.324,18.599],[105.332,18.592],[105.342,18.59],[105.356,18.588],[105.385,18.587],[105.396,18.591],[105.419,18.604],[105.422,18.609],[105.428,18.612],[105.444,18.617],[105.464,18.617],[105.472,18.616],[105.488,18.609],[105.499,18.6],[105.513,18.578],[105.532,18.564],[105.548,18.562],[105.564,18.563],[105.578,18.568],[105.588,18.576],[105.603,18.584],[105.615,18.586],[105.637,18.584],[105.677,18.583],[105.683,18.601],[105.682,18.623],[105.683,18.631],[105.691,18.642],[105.715,18.667],[105.724,18.672],[105.729,18.673]]]}},{"type":"Feature","properties":{"name":"Ninh Bình"},"geometry":{"type":"Polygon","coordinates":[[[105.884,20.398],[105.884,20.397],[105.877,20.392],[105.868,20.39],[105.856,20.391],[105.833,20.401],[105.824,20.407],[105.817,20.415],[105.806,20.422],[105.795,20.426],[105.781,20.427],[105.769,20.421],[105.766,20.408],[105.764,20.393],[105.764,20.375],[105.763,20.369],[105.753,20.367],[105.747,20.376],[105.733,20.388],[105.718,20.394],[105.716,20.386],[105.722,20.363],[105.735,20.341],[105.74,20.33],[105.74,20.32],[105.736,20.307],[105.731,20.304],[105.708,20.303],[105.701,20.297],[105.697,20.29],[105.691,20.287],[105.682,20.288],[105.676,20.291],[105.661,20.301],[105.651,20.312],[105.598,20.337],[105.576,20.337],[105.549,20.33],[105.54,20.331],[105.54,20.331],[105.54,20.325],[105.545,20.304],[105.562,20.29],[105.586,20.282],[105.636,20.248],[105.662,20.228],[105.679,20.207],[105.704,20.184],[105.739,20.158],[105.749,20.151],[105.835,20.115],[105.882,20.096],[105.903,20.082],[105.931,20.072],[105.955,20.056],[105.97,20.053],[106.028,20.057],[106.055,20.065],[106.074,20.066],[106.076,20.054],[106.071,20.046],[106.062,20.019],[106.053,20.003],[106.038,20.001],[106.036,19.999],[106.034,19.99],[106.036,19.978],[106.043,19.967],[106.046,19.96],[106.047,19.952],[106.057,19.93],[106.066,19.926],[106.081,19.93],[106.093,19.937],[106.099,19.954],[106.101,19.98],[106.103,19.992],[106.109,20.004],[106.113,20.023],[106.123,20.044],[106.13,20.051],[106.143,20.066],[106.149,20.076],[106.156,20.1],[106.174,20.125],[106.18,20.153],[106.175,20.187],[106.168,20.2],[106.162,20.217],[106.153,20.226],[106.138,20.228],[106.111,20.22],[106.1,20.234],[106.099,20.245],[106.091,20.244],[106.074,20.236],[106.058,20.234],[106.045,20.236],[106.035,20.245],[106.006,20.258],[105.997,20.284],[105.976,20.316],[105.966,20.336],[105.956,20.351],[105.942,20.361],[105.932,20.366],[105.93,20.367],[105.913,20.379],[105.891,20.388],[105.887,20.394],[105.884,20.398]]]}},{"type":"Feature","properties":{"name":"Ninh Thuận"},"geometry":{"type":"Polygon","coordinates":[[[108.852,11.314],[108.852,11.313],[108.861,11.307],[108.878,11.299],[108.891,11.296],[108.918,11.294],[108.94,11.298],[108.969,11.314],[108.992,11.327],[109.01,11.347],[109.01,11.366],[109,11.384],[108.998,11.4],[109.002,11.443],[109.013,11.482],[109.019,11.512],[109.027,11.534],[109.035,11.546],[109.034,11.571],[109.036,11.579],[109.047,11.584],[109.095,11.582],[109.107,11.576],[109.115,11.568],[109.122,11.557],[109.137,11.568],[109.145,11.588],[109.185,11.659],[109.188,11.678],[109.203,11.709],[109.22,11.719],[109.237,11.732],[109.231,11.742],[109.223,11.749],[109.214,11.76],[109.194,11.776],[109.187,11.793],[109.187,11.803],[109.182,11.813],[109.168,11.81],[109.117,11.807],[109.101,11.815],[109.09,11.823],[109.037,11.88],[109.018,11.892],[108.995,11.897],[108.977,11.898],[108.922,11.918],[108.903,11.922],[108.872,11.934],[108.86,11.951],[108.858,11.966],[108.856,11.987],[108.852,12.007],[108.85,12.012],[108.831,12.015],[108.821,12.02],[108.806,12.06],[108.793,12.119],[108.793,12.13],[108.797,12.143],[108.793,12.156],[108.783,12.159],[108.776,12.158],[108.772,12.154],[108.764,12.153],[108.758,12.154],[108.741,12.156],[108.737,12.157],[108.733,12.16],[108.731,12.16],[108.729,12.161],[108.729,12.161],[108.722,12.159],[108.707,12.143],[108.693,12.113],[108.696,12.1],[108.707,12.087],[108.712,12.073],[108.712,12.057],[108.705,12.04],[108.689,12.02],[108.679,11.995],[108.658,11.885],[108.655,11.848],[108.652,11.834],[108.643,11.82],[108.633,11.809],[108.628,11.799],[108.633,11.787],[108.653,11.775],[108.668,11.765],[108.671,11.748],[108.678,11.726],[108.686,11.71],[108.692,11.69],[108.694,11.674],[108.689,11.653],[108.673,11.643],[108.655,11.634],[108.635,11.629],[108.603,11.617],[108.591,11.614],[108.572,11.611],[108.566,11.607],[108.557,11.596],[108.557,11.582],[108.574,11.56],[108.576,11.552],[108.627,11.549],[108.646,11.537],[108.66,11.517],[108.664,11.497],[108.679,11.476],[108.686,11.455],[108.704,11.448],[108.72,11.449],[108.742,11.448],[108.755,11.432],[108.761,11.387],[108.78,11.359],[108.795,11.352],[108.826,11.35],[108.842,11.346],[108.849,11.336],[108.852,11.314]]]}},{"type":"Feature","properties":{"name":"Phú Thọ"},"geometry":{"type":"Polygon","coordinates":[[[105.5,21.28],[105.502,21.289],[105.5,21.306],[105.5,21.317],[105.493,21.329],[105.481,21.339],[105.449,21.358],[105.444,21.371],[105.447,21.388],[105.456,21.405],[105.453,21.416],[105.445,21.422],[105.434,21.426],[105.411,21.44],[105.393,21.441],[105.385,21.447],[105.375,21.468],[105.369,21.5],[105.368,21.518],[105.366,21.521],[105.362,21.524],[105.35,21.534],[105.324,21.55],[105.298,21.575],[105.293,21.586],[105.283,21.626],[105.27,21.653],[105.262,21.659],[105.236,21.671],[105.22,21.684],[105.214,21.697],[105.205,21.703],[105.19,21.705],[105.162,21.705],[105.143,21.704],[105.137,21.708],[105.139,21.705],[105.118,21.689],[105.106,21.687],[105.067,21.687],[105.057,21.686],[105.049,21.682],[105.042,21.676],[105.031,21.66],[105.022,21.654],[105.009,21.651],[104.972,21.648],[104.955,21.64],[104.95,21.635],[104.946,21.616],[104.938,21.602],[104.942,21.573],[104.941,21.56],[104.921,21.555],[104.913,21.549],[104.908,21.536],[104.918,21.528],[104.926,21.525],[104.928,21.518],[104.925,21.494],[104.927,21.481],[104.931,21.476],[104.942,21.468],[104.957,21.443],[104.961,21.431],[104.96,21.418],[104.957,21.406],[104.949,21.399],[104.939,21.379],[104.923,21.36],[104.9,21.343],[104.886,21.323],[104.873,21.316],[104.877,21.312],[104.878,21.298],[104.881,21.287],[104.889,21.269],[104.897,21.256],[104.904,21.232],[104.908,21.197],[104.906,21.159],[104.903,21.14],[104.91,21.127],[104.92,21.121],[104.932,21.11],[104.94,21.096],[104.939,21.091],[104.94,21.09],[104.94,21.09],[104.965,21.076],[104.971,21.062],[104.972,21.059],[104.982,21.049],[105.022,21.035],[105.055,21.018],[105.075,21.003],[105.087,20.992],[105.095,20.988],[105.12,20.986],[105.133,20.977],[105.144,20.956],[105.161,20.942],[105.166,20.939],[105.185,20.936],[105.204,20.929],[105.214,20.929],[105.243,20.937],[105.265,20.934],[105.281,20.927],[105.318,20.917],[105.354,20.922],[105.368,20.923],[105.374,20.929],[105.384,20.936],[105.389,20.942],[105.394,20.957],[105.395,20.97],[105.4,21.003],[105.4,21.003],[105.395,21.011],[105.39,21.017],[105.382,21.021],[105.376,21.016],[105.37,21.017],[105.364,21.021],[105.36,21.025],[105.36,21.04],[105.374,21.063],[105.381,21.079],[105.384,21.087],[105.378,21.104],[105.364,21.124],[105.36,21.142],[105.359,21.166],[105.362,21.185],[105.369,21.189],[105.382,21.191],[105.392,21.196],[105.401,21.204],[105.411,21.221],[105.409,21.237],[105.406,21.248],[105.399,21.258],[105.4,21.27],[105.423,21.285],[105.433,21.296],[105.445,21.297],[105.46,21.296],[105.476,21.288],[105.491,21.285],[105.5,21.28]]]}},{"type":"Feature","properties":{"name":"Phú Yên"},"geometry":{"type":"MultiPolygon","coordinates":[[[[109.337,13.284],[109.338,13.286],[109.333,13.289],[109.33,13.288],[109.328,13.286],[109.329,13.281],[109.334,13.277],[109.34,13.277],[109.342,13.283],[109.337,13.284]]],[[[108.854,13.568],[108.832,13.581],[108.816,13.586],[108.795,13.586],[108.783,13.581],[108.775,13.573],[108.761,13.563],[108.739,13.556],[108.725,13.538],[108.72,13.519],[108.72,13.511],[108.725,13.499],[108.735,13.489],[108.751,13.486],[108.793,13.481],[108.796,13.478],[108.798,13.468],[108.798,13.441],[108.803,13.411],[108.802,13.386],[108.808,13.373],[108.834,13.354],[108.854,13.32],[108.859,13.304],[108.871,13.295],[108.878,13.275],[108.878,13.262],[108.871,13.241],[108.858,13.214],[108.846,13.174],[108.842,13.168],[108.802,13.157],[108.789,13.149],[108.771,13.142],[108.764,13.136],[108.763,13.106],[108.76,13.09],[108.759,13.055],[108.756,13.039],[108.742,13.028],[108.724,13.027],[108.68,12.997],[108.673,12.996],[108.675,12.993],[108.69,12.979],[108.714,12.953],[108.733,12.946],[108.747,12.943],[108.762,12.933],[108.769,12.926],[108.776,12.912],[108.777,12.903],[108.787,12.891],[108.789,12.878],[108.793,12.869],[108.799,12.868],[108.813,12.875],[108.819,12.873],[108.831,12.863],[108.849,12.857],[108.852,12.849],[108.85,12.836],[108.852,12.831],[108.855,12.827],[108.865,12.82],[108.874,12.815],[108.896,12.814],[108.923,12.809],[108.952,12.808],[108.981,12.811],[108.989,12.805],[108.99,12.789],[108.995,12.779],[109.002,12.769],[109.006,12.758],[109.006,12.743],[109.008,12.723],[109.012,12.716],[109.016,12.714],[109.016,12.714],[109.023,12.72],[109.03,12.725],[109.039,12.73],[109.056,12.735],[109.07,12.737],[109.083,12.74],[109.113,12.751],[109.132,12.771],[109.145,12.775],[109.153,12.779],[109.161,12.787],[109.168,12.803],[109.178,12.818],[109.19,12.825],[109.198,12.827],[109.22,12.823],[109.231,12.814],[109.237,12.813],[109.252,12.819],[109.262,12.826],[109.272,12.831],[109.286,12.835],[109.304,12.837],[109.341,12.839],[109.351,12.843],[109.361,12.85],[109.367,12.856],[109.388,12.847],[109.392,12.846],[109.393,12.846],[109.413,12.869],[109.428,12.877],[109.439,12.872],[109.431,12.862],[109.427,12.853],[109.429,12.851],[109.444,12.853],[109.454,12.862],[109.456,12.869],[109.459,12.882],[109.459,12.898],[109.448,12.92],[109.424,12.951],[109.411,12.972],[109.396,12.988],[109.38,13.011],[109.362,13.031],[109.341,13.066],[109.327,13.095],[109.317,13.102],[109.307,13.12],[109.298,13.166],[109.302,13.184],[109.307,13.186],[109.298,13.208],[109.297,13.221],[109.303,13.232],[109.311,13.252],[109.312,13.267],[109.291,13.305],[109.287,13.324],[109.287,13.33],[109.297,13.332],[109.301,13.337],[109.297,13.349],[109.297,13.361],[109.292,13.368],[109.281,13.368],[109.271,13.363],[109.261,13.362],[109.255,13.364],[109.246,13.378],[109.247,13.388],[109.243,13.393],[109.237,13.394],[109.232,13.401],[109.235,13.407],[109.229,13.416],[109.231,13.434],[109.228,13.443],[109.231,13.46],[109.244,13.479],[109.25,13.483],[109.266,13.476],[109.283,13.463],[109.285,13.455],[109.282,13.448],[109.276,13.442],[109.263,13.438],[109.26,13.431],[109.26,13.42],[109.267,13.408],[109.284,13.4],[109.297,13.398],[109.315,13.411],[109.329,13.463],[109.336,13.481],[109.32,13.482],[109.311,13.492],[109.308,13.5],[109.31,13.519],[109.3,13.532],[109.286,13.534],[109.283,13.541],[109.297,13.559],[109.301,13.567],[109.3,13.573],[109.27,13.588],[109.244,13.622],[109.235,13.64],[109.232,13.65],[109.233,13.672],[109.232,13.678],[109.212,13.681],[109.198,13.695],[109.182,13.685],[109.169,13.679],[109.151,13.66],[109.139,13.644],[109.126,13.637],[109.116,13.613],[109.096,13.595],[109.077,13.587],[109.066,13.581],[109.059,13.578],[109.052,13.573],[109.034,13.555],[109.007,13.537],[108.998,13.535],[108.959,13.533],[108.946,13.535],[108.927,13.548],[108.914,13.553],[108.887,13.549],[108.868,13.55],[108.861,13.557],[108.854,13.568]]]]}},{"type":"Feature","properties":{"name":"Quảng Bình"},"geometry":{"type":"Polygon","coordinates":[[[105.645,17.985],[105.643,17.983],[105.645,17.96],[105.64,17.953],[105.63,17.944],[105.627,17.907],[105.619,17.887],[105.622,17.882],[105.628,17.877],[105.671,17.845],[105.679,17.836],[105.685,17.821],[105.685,17.81],[105.688,17.792],[105.693,17.781],[105.699,17.774],[105.716,17.759],[105.748,17.717],[105.755,17.674],[105.788,17.675],[105.808,17.669],[105.82,17.659],[105.857,17.639],[105.876,17.623],[105.89,17.604],[105.9,17.587],[105.909,17.573],[105.956,17.519],[105.974,17.503],[106.028,17.44],[106.037,17.432],[106.053,17.412],[106.059,17.401],[106.106,17.357],[106.128,17.329],[106.164,17.305],[106.204,17.276],[106.253,17.25],[106.264,17.25],[106.274,17.263],[106.276,17.289],[106.287,17.296],[106.299,17.293],[106.309,17.287],[106.311,17.277],[106.318,17.26],[106.332,17.249],[106.341,17.239],[106.342,17.231],[106.34,17.225],[106.332,17.224],[106.318,17.217],[106.317,17.213],[106.323,17.198],[106.345,17.179],[106.353,17.165],[106.375,17.135],[106.387,17.115],[106.409,17.099],[106.434,17.083],[106.434,17.07],[106.429,17.06],[106.42,17.05],[106.418,17.036],[106.42,17.031],[106.431,17.017],[106.465,16.992],[106.501,16.977],[106.517,16.975],[106.525,16.977],[106.537,16.984],[106.538,16.987],[106.549,16.992],[106.551,16.993],[106.575,16.994],[106.589,16.991],[106.602,16.983],[106.605,16.976],[106.607,16.965],[106.606,16.957],[106.615,16.944],[106.652,16.946],[106.668,16.952],[106.696,16.958],[106.732,16.948],[106.741,16.942],[106.746,16.938],[106.753,16.934],[106.766,16.937],[106.77,16.943],[106.774,16.975],[106.78,16.981],[106.801,16.993],[106.805,17],[106.806,17.012],[106.811,17.03],[106.821,17.04],[106.829,17.045],[106.86,17.045],[106.871,17.05],[106.87,17.059],[106.865,17.067],[106.862,17.069],[106.861,17.081],[106.869,17.086],[106.891,17.092],[106.921,17.105],[106.941,17.117],[106.953,17.122],[106.981,17.148],[106.991,17.162],[107.001,17.164],[107.001,17.164],[106.989,17.183],[106.94,17.214],[106.922,17.228],[106.914,17.236],[106.891,17.253],[106.883,17.262],[106.864,17.275],[106.846,17.292],[106.839,17.303],[106.804,17.326],[106.781,17.346],[106.757,17.363],[106.738,17.387],[106.697,17.426],[106.637,17.499],[106.626,17.516],[106.613,17.542],[106.587,17.568],[106.543,17.639],[106.518,17.668],[106.486,17.73],[106.468,17.777],[106.454,17.804],[106.446,17.845],[106.446,17.855],[106.453,17.878],[106.473,17.909],[106.482,17.915],[106.489,17.924],[106.495,17.926],[106.504,17.931],[106.507,17.936],[106.508,17.945],[106.505,17.952],[106.506,17.956],[106.509,17.961],[106.5,17.96],[106.493,17.957],[106.465,17.958],[106.458,17.957],[106.453,17.957],[106.444,17.965],[106.437,17.964],[106.428,17.965],[106.411,17.97],[106.405,17.974],[106.394,17.977],[106.341,17.99],[106.332,17.986],[106.316,17.97],[106.305,17.963],[106.291,17.961],[106.283,17.954],[106.276,17.946],[106.275,17.927],[106.271,17.919],[106.262,17.92],[106.236,17.928],[106.217,17.929],[106.209,17.928],[106.18,17.918],[106.15,17.918],[106.077,17.936],[106.053,17.95],[106.046,17.953],[106.045,17.958],[106.05,17.968],[106.062,17.984],[106.064,17.996],[106.052,18.014],[106.033,18.026],[106.012,18.025],[106.005,18.03],[106.001,18.041],[105.994,18.053],[105.982,18.062],[105.964,18.059],[105.954,18.064],[105.946,18.076],[105.935,18.086],[105.927,18.085],[105.91,18.09],[105.901,18.088],[105.887,18.083],[105.876,18.075],[105.859,18.069],[105.852,18.06],[105.857,18.051],[105.866,18.042],[105.864,18.028],[105.859,18.025],[105.802,18.023],[105.757,18.027],[105.743,18.025],[105.732,18.011],[105.726,17.987],[105.715,17.98],[105.707,17.976],[105.688,17.976],[105.673,17.977],[105.66,17.983],[105.645,17.985]]]}},{"type":"Feature","properties":{"name":"Quảng Nam"},"geometry":{"type":"Polygon","coordinates":[[[108.292,15.971],[108.292,15.971],[108.289,15.97],[108.269,15.957],[108.256,15.952],[108.249,15.951],[108.243,15.954],[108.233,15.956],[108.225,15.956],[108.216,15.951],[108.187,15.936],[108.174,15.933],[108.148,15.94],[108.132,15.941],[108.092,15.94],[108.065,15.927],[108.055,15.921],[108.036,15.919],[108.015,15.92],[108.005,15.926],[107.992,15.937],[107.992,15.947],[107.994,15.957],[108.013,15.976],[108.016,15.988],[108.013,16.001],[107.996,16.022],[107.989,16.032],[107.984,16.042],[107.971,16.051],[107.965,16.051],[107.955,16.042],[107.943,16.033],[107.925,16.029],[107.916,16.034],[107.896,16.053],[107.869,16.056],[107.837,16.055],[107.824,16.056],[107.819,16.058],[107.81,16.056],[107.799,16.052],[107.78,16.042],[107.759,16.016],[107.732,15.996],[107.718,15.994],[107.701,15.997],[107.664,16.019],[107.636,16.033],[107.628,16.052],[107.618,16.058],[107.596,16.056],[107.572,16.046],[107.569,16.02],[107.557,16.007],[107.529,16.013],[107.5,16.026],[107.491,16.036],[107.48,16.038],[107.47,16.025],[107.474,16.021],[107.478,15.999],[107.475,15.989],[107.469,15.98],[107.458,15.969],[107.451,15.959],[107.446,15.944],[107.437,15.907],[107.423,15.898],[107.363,15.891],[107.338,15.884],[107.329,15.877],[107.315,15.87],[107.304,15.869],[107.292,15.864],[107.268,15.849],[107.248,15.839],[107.223,15.83],[107.218,15.815],[107.223,15.802],[107.233,15.795],[107.231,15.777],[107.224,15.765],[107.22,15.753],[107.232,15.731],[107.259,15.723],[107.276,15.71],[107.282,15.701],[107.284,15.676],[107.279,15.658],[107.281,15.646],[107.294,15.636],[107.319,15.627],[107.338,15.615],[107.35,15.606],[107.36,15.589],[107.36,15.567],[107.385,15.532],[107.394,15.513],[107.407,15.499],[107.434,15.491],[107.453,15.496],[107.479,15.496],[107.508,15.476],[107.527,15.458],[107.545,15.413],[107.571,15.402],[107.595,15.402],[107.617,15.403],[107.636,15.414],[107.663,15.402],[107.671,15.379],[107.673,15.369],[107.679,15.357],[107.7,15.335],[107.728,15.316],[107.749,15.307],[107.762,15.296],[107.766,15.269],[107.772,15.255],[107.779,15.242],[107.797,15.229],[107.849,15.225],[107.879,15.221],[107.927,15.214],[107.977,15.203],[107.994,15.194],[108.053,15.16],[108.059,15.148],[108.059,15.14],[108.055,15.132],[108.036,15.102],[108.033,15.095],[108.024,15.083],[108.013,15.055],[108.016,15.051],[108.03,15.038],[108.036,15.031],[108.06,15.023],[108.078,15.02],[108.084,15.017],[108.11,15],[108.131,14.989],[108.152,14.983],[108.191,14.985],[108.225,14.984],[108.234,14.987],[108.237,14.993],[108.235,15.003],[108.221,15.039],[108.221,15.056],[108.224,15.07],[108.234,15.078],[108.244,15.077],[108.278,15.052],[108.303,15.047],[108.316,15.042],[108.316,15.042],[108.32,15.05],[108.329,15.102],[108.347,15.144],[108.371,15.187],[108.368,15.202],[108.358,15.239],[108.356,15.275],[108.365,15.291],[108.38,15.304],[108.389,15.306],[108.422,15.312],[108.482,15.314],[108.502,15.32],[108.538,15.321],[108.573,15.33],[108.588,15.336],[108.601,15.343],[108.621,15.349],[108.635,15.356],[108.662,15.366],[108.684,15.368],[108.71,15.372],[108.726,15.377],[108.746,15.388],[108.747,15.399],[108.737,15.406],[108.72,15.422],[108.714,15.435],[108.71,15.453],[108.693,15.48],[108.679,15.497],[108.671,15.511],[108.64,15.517],[108.607,15.535],[108.585,15.551],[108.564,15.575],[108.537,15.627],[108.524,15.646],[108.499,15.693],[108.459,15.756],[108.444,15.786],[108.421,15.816],[108.413,15.842],[108.398,15.881],[108.375,15.899],[108.357,15.911],[108.344,15.922],[108.32,15.938],[108.305,15.95],[108.292,15.971]]]}},{"type":"Feature","properties":{"name":"Quảng Ngãi"},"geometry":{"type":"MultiPolygon","coordinates":[[[[109.15,15.377],[109.15,15.379],[109.145,15.386],[109.125,15.394],[109.113,15.395],[109.104,15.394],[109.096,15.389],[109.094,15.384],[109.096,15.377],[109.109,15.371],[109.117,15.369],[109.123,15.369],[109.133,15.376],[109.15,15.377]]],[[[109.089,14.66],[109.089,14.66],[109.096,14.68],[109.036,14.773],[109.014,14.817],[109.005,14.851],[108.988,14.87],[108.977,14.897],[108.941,14.962],[108.929,14.993],[108.923,15.021],[108.913,15.052],[108.914,15.112],[108.919,15.128],[108.918,15.15],[108.907,15.175],[108.904,15.19],[108.91,15.2],[108.937,15.218],[108.955,15.217],[108.96,15.219],[108.965,15.234],[108.948,15.245],[108.926,15.25],[108.91,15.258],[108.895,15.268],[108.89,15.274],[108.879,15.294],[108.878,15.302],[108.884,15.327],[108.873,15.337],[108.871,15.35],[108.866,15.355],[108.851,15.354],[108.845,15.357],[108.838,15.364],[108.835,15.379],[108.835,15.39],[108.824,15.409],[108.832,15.415],[108.83,15.419],[108.825,15.42],[108.821,15.419],[108.815,15.414],[108.81,15.415],[108.802,15.426],[108.799,15.425],[108.8,15.419],[108.807,15.405],[108.803,15.401],[108.781,15.39],[108.773,15.388],[108.755,15.392],[108.747,15.399],[108.746,15.388],[108.726,15.377],[108.71,15.372],[108.684,15.368],[108.662,15.366],[108.635,15.356],[108.621,15.349],[108.601,15.343],[108.588,15.336],[108.573,15.33],[108.538,15.321],[108.502,15.32],[108.482,15.314],[108.422,15.312],[108.389,15.306],[108.38,15.304],[108.365,15.291],[108.356,15.275],[108.358,15.239],[108.368,15.202],[108.371,15.187],[108.347,15.144],[108.329,15.102],[108.32,15.05],[108.316,15.042],[108.316,15.042],[108.332,15.016],[108.338,15.002],[108.373,14.972],[108.412,14.931],[108.45,14.897],[108.464,14.866],[108.474,14.855],[108.546,14.829],[108.561,14.827],[108.586,14.809],[108.617,14.779],[108.625,14.766],[108.619,14.75],[108.61,14.744],[108.599,14.729],[108.595,14.71],[108.579,14.667],[108.58,14.657],[108.594,14.654],[108.62,14.645],[108.629,14.634],[108.631,14.615],[108.631,14.615],[108.647,14.612],[108.656,14.606],[108.665,14.597],[108.687,14.565],[108.693,14.578],[108.719,14.597],[108.735,14.602],[108.752,14.612],[108.775,14.617],[108.792,14.618],[108.821,14.625],[108.83,14.639],[108.829,14.663],[108.84,14.686],[108.852,14.691],[108.898,14.696],[108.956,14.716],[108.988,14.712],[109.028,14.702],[109.056,14.69],[109.074,14.675],[109.089,14.66]]]]}},{"type":"Feature","properties":{"name":"Quảng Ninh"},"geometry":{"type":"MultiPolygon","coordinates":[[[[107.299,20.827],[107.309,20.847],[107.309,20.869],[107.307,20.876],[107.3,20.885],[107.293,20.89],[107.279,20.888],[107.253,20.872],[107.251,20.857],[107.253,20.849],[107.261,20.837],[107.281,20.825],[107.299,20.827]]],[[[107.842,21.046],[107.835,21.052],[107.835,21.059],[107.837,21.071],[107.836,21.082],[107.831,21.085],[107.811,21.085],[107.807,21.078],[107.806,21.065],[107.803,21.052],[107.804,21.039],[107.812,21.022],[107.813,21.01],[107.808,21],[107.809,20.989],[107.815,20.98],[107.829,20.989],[107.865,21.021],[107.886,21.034],[107.899,21.046],[107.911,21.072],[107.906,21.078],[107.854,21.044],[107.842,21.046]]],[[[107.528,20.902],[107.543,20.932],[107.571,20.956],[107.611,21.014],[107.626,21.058],[107.628,21.072],[107.625,21.082],[107.628,21.106],[107.625,21.119],[107.598,21.119],[107.589,21.106],[107.575,21.093],[107.561,21.088],[107.507,21.048],[107.446,21.015],[107.388,20.974],[107.319,20.917],[107.315,20.89],[107.332,20.868],[107.366,20.863],[107.421,20.89],[107.448,20.877],[107.446,20.846],[107.465,20.825],[107.489,20.822],[107.516,20.839],[107.52,20.868],[107.528,20.902]]],[[[107.873,21.139],[107.876,21.15],[107.872,21.155],[107.869,21.156],[107.856,21.157],[107.854,21.152],[107.853,21.145],[107.856,21.138],[107.868,21.136],[107.873,21.139]]],[[[107.912,21.176],[107.912,21.181],[107.904,21.181],[107.902,21.177],[107.904,21.174],[107.908,21.174],[107.912,21.176]]],[[[107.661,21.14],[107.684,21.176],[107.689,21.189],[107.694,21.209],[107.685,21.213],[107.674,21.211],[107.657,21.184],[107.651,21.166],[107.649,21.152],[107.642,21.137],[107.641,21.128],[107.649,21.127],[107.661,21.14]]],[[[108.045,21.233],[108.048,21.236],[108.046,21.239],[108.043,21.238],[108.042,21.235],[108.043,21.233],[108.045,21.233]]],[[[107.708,21.227],[107.714,21.238],[107.717,21.25],[107.709,21.252],[107.691,21.235],[107.684,21.227],[107.686,21.219],[107.692,21.218],[107.708,21.227]]],[[[108.002,21.254],[108.002,21.26],[107.998,21.264],[107.991,21.262],[107.988,21.258],[107.991,21.253],[108.002,21.254]]],[[[107.554,21.284],[107.535,21.287],[107.522,21.284],[107.511,21.266],[107.505,21.249],[107.487,21.179],[107.49,21.16],[107.489,21.142],[107.482,21.125],[107.523,21.117],[107.544,21.122],[107.556,21.133],[107.577,21.163],[107.625,21.197],[107.646,21.216],[107.659,21.237],[107.661,21.253],[107.657,21.264],[107.65,21.271],[107.62,21.275],[107.595,21.283],[107.574,21.279],[107.554,21.284]]],[[[108,21.393],[108.002,21.4],[107.973,21.401],[107.929,21.389],[107.911,21.39],[107.892,21.389],[107.878,21.383],[107.835,21.372],[107.788,21.347],[107.773,21.341],[107.751,21.33],[107.665,21.286],[107.664,21.274],[107.684,21.281],[107.742,21.307],[107.78,21.332],[107.804,21.341],[107.897,21.364],[107.919,21.365],[107.945,21.363],[107.965,21.368],[107.985,21.378],[108,21.393]]],[[[107.924,21.407],[107.921,21.416],[107.912,21.421],[107.898,21.422],[107.882,21.417],[107.872,21.411],[107.868,21.403],[107.885,21.401],[107.895,21.403],[107.921,21.402],[107.924,21.407]]],[[[106.611,21.262],[106.611,21.261],[106.609,21.252],[106.611,21.24],[106.609,21.216],[106.6,21.204],[106.599,21.196],[106.608,21.184],[106.603,21.174],[106.593,21.173],[106.573,21.167],[106.567,21.148],[106.568,21.135],[106.579,21.126],[106.597,21.118],[106.619,21.118],[106.63,21.109],[106.646,21.101],[106.665,21.099],[106.687,21.103],[106.707,21.103],[106.715,21.1],[106.725,21.089],[106.733,21.079],[106.737,21.078],[106.762,21.071],[106.787,21.071],[106.801,21.067],[106.811,21.063],[106.825,21.061],[106.853,21.06],[106.877,21.051],[106.895,21.039],[106.904,21.028],[106.913,20.996],[106.913,20.987],[106.921,20.985],[106.989,20.954],[107.026,20.954],[107.046,20.968],[107.057,20.98],[107.083,20.984],[107.099,20.968],[107.096,20.946],[107.104,20.938],[107.137,20.932],[107.165,20.919],[107.184,20.925],[107.2,20.941],[107.207,20.959],[107.233,20.973],[107.284,20.996],[107.295,20.998],[107.316,20.999],[107.346,20.995],[107.37,20.994],[107.383,21.018],[107.383,21.039],[107.422,21.051],[107.446,21.06],[107.466,21.079],[107.469,21.105],[107.469,21.147],[107.474,21.17],[107.475,21.194],[107.488,21.235],[107.483,21.267],[107.462,21.283],[107.445,21.298],[107.465,21.31],[107.5,21.315],[107.522,21.323],[107.559,21.325],[107.583,21.317],[107.609,21.315],[107.638,21.319],[107.661,21.34],[107.686,21.365],[107.701,21.387],[107.738,21.406],[107.763,21.415],[107.798,21.45],[107.804,21.467],[107.817,21.489],[107.834,21.507],[107.86,21.521],[107.888,21.53],[107.908,21.532],[107.934,21.523],[107.943,21.508],[107.948,21.49],[107.938,21.469],[107.925,21.459],[107.921,21.433],[107.927,21.419],[107.949,21.417],[107.969,21.427],[107.991,21.449],[108.006,21.462],[108.032,21.477],[108.051,21.483],[108.065,21.48],[108.079,21.491],[108.073,21.498],[108.05,21.503],[108.038,21.501],[108.023,21.505],[108.017,21.519],[108.024,21.53],[108.028,21.542],[108.025,21.548],[108,21.548],[107.984,21.54],[107.971,21.538],[107.962,21.539],[107.944,21.554],[107.927,21.58],[107.916,21.586],[107.901,21.6],[107.89,21.614],[107.875,21.628],[107.836,21.643],[107.805,21.649],[107.79,21.65],[107.777,21.647],[107.761,21.643],[107.741,21.635],[107.716,21.617],[107.701,21.61],[107.676,21.605],[107.65,21.604],[107.6,21.605],[107.579,21.609],[107.545,21.607],[107.523,21.61],[107.502,21.629],[107.496,21.641],[107.485,21.656],[107.471,21.659],[107.454,21.652],[107.427,21.632],[107.41,21.616],[107.4,21.613],[107.393,21.612],[107.391,21.612],[107.381,21.606],[107.357,21.602],[107.341,21.595],[107.323,21.591],[107.307,21.584],[107.294,21.577],[107.291,21.571],[107.279,21.558],[107.285,21.545],[107.294,21.538],[107.303,21.522],[107.31,21.496],[107.316,21.466],[107.321,21.454],[107.334,21.436],[107.339,21.427],[107.34,21.421],[107.325,21.411],[107.294,21.415],[107.279,21.406],[107.266,21.401],[107.253,21.4],[107.211,21.404],[107.198,21.403],[107.182,21.397],[107.172,21.39],[107.16,21.385],[107.135,21.381],[107.115,21.374],[107.102,21.373],[107.102,21.363],[107.1,21.353],[107.097,21.345],[107.091,21.34],[107.056,21.337],[107.046,21.335],[107.042,21.325],[107.041,21.316],[107.045,21.309],[107.058,21.297],[107.062,21.285],[107.061,21.274],[107.052,21.263],[107.036,21.247],[107.033,21.239],[107.018,21.226],[107.007,21.229],[106.994,21.229],[106.962,21.227],[106.95,21.228],[106.922,21.234],[106.911,21.231],[106.91,21.221],[106.914,21.213],[106.916,21.205],[106.904,21.197],[106.889,21.197],[106.873,21.201],[106.854,21.209],[106.791,21.211],[106.766,21.223],[106.739,21.223],[106.651,21.236],[106.641,21.243],[106.63,21.255],[106.618,21.261],[106.612,21.262],[106.611,21.262]]]]}},{"type":"Feature","properties":{"name":"Quảng Trị"},"geometry":{"type":"Polygon","coordinates":[[[106.549,16.992],[106.549,16.981],[106.548,16.926],[106.528,16.924],[106.52,16.915],[106.521,16.906],[106.526,16.893],[106.535,16.885],[106.544,16.879],[106.549,16.871],[106.554,16.862],[106.552,16.825],[106.554,16.785],[106.553,16.748],[106.554,16.707],[106.591,16.66],[106.592,16.652],[106.589,16.647],[106.588,16.621],[106.598,16.611],[106.617,16.603],[106.625,16.597],[106.641,16.589],[106.665,16.583],[106.671,16.579],[106.67,16.568],[106.663,16.555],[106.651,16.54],[106.649,16.529],[106.653,16.518],[106.662,16.505],[106.664,16.491],[106.675,16.462],[106.681,16.451],[106.694,16.444],[106.703,16.438],[106.724,16.432],[106.743,16.42],[106.747,16.42],[106.754,16.422],[106.763,16.426],[106.777,16.443],[106.786,16.45],[106.805,16.46],[106.813,16.468],[106.833,16.501],[106.837,16.521],[106.836,16.532],[106.839,16.543],[106.846,16.549],[106.857,16.546],[106.867,16.539],[106.897,16.528],[106.902,16.524],[106.904,16.512],[106.902,16.489],[106.905,16.471],[106.903,16.458],[106.902,16.44],[106.899,16.409],[106.9,16.405],[106.917,16.393],[106.928,16.38],[106.944,16.365],[106.96,16.359],[106.967,16.354],[106.973,16.346],[106.971,16.316],[106.973,16.311],[106.982,16.308],[106.995,16.312],[107.004,16.314],[107.017,16.312],[107.019,16.309],[107.028,16.306],[107.04,16.308],[107.046,16.304],[107.052,16.303],[107.063,16.306],[107.084,16.304],[107.099,16.306],[107.107,16.311],[107.11,16.329],[107.111,16.35],[107.115,16.375],[107.122,16.385],[107.131,16.388],[107.157,16.389],[107.164,16.393],[107.162,16.405],[107.149,16.435],[107.141,16.467],[107.13,16.49],[107.12,16.5],[107.112,16.504],[107.087,16.508],[107.076,16.514],[107.073,16.525],[107.074,16.537],[107.081,16.544],[107.12,16.555],[107.144,16.569],[107.168,16.577],[107.213,16.584],[107.233,16.584],[107.246,16.582],[107.257,16.575],[107.27,16.57],[107.275,16.571],[107.301,16.585],[107.321,16.604],[107.324,16.612],[107.316,16.627],[107.313,16.637],[107.315,16.647],[107.323,16.656],[107.331,16.672],[107.335,16.679],[107.347,16.695],[107.35,16.702],[107.357,16.708],[107.368,16.724],[107.389,16.742],[107.384,16.751],[107.377,16.761],[107.361,16.774],[107.342,16.786],[107.317,16.808],[107.307,16.82],[107.284,16.839],[107.271,16.848],[107.25,16.867],[107.192,16.912],[107.161,16.954],[107.14,16.977],[107.13,16.996],[107.114,17.014],[107.108,17.025],[107.118,17.064],[107.115,17.081],[107.112,17.087],[107.087,17.108],[107.05,17.127],[107.026,17.141],[107.003,17.161],[107.001,17.164],[106.991,17.162],[106.981,17.148],[106.953,17.122],[106.941,17.117],[106.921,17.105],[106.891,17.092],[106.869,17.086],[106.861,17.081],[106.862,17.069],[106.865,17.067],[106.87,17.059],[106.871,17.05],[106.86,17.045],[106.829,17.045],[106.821,17.04],[106.811,17.03],[106.806,17.012],[106.805,17],[106.801,16.993],[106.78,16.981],[106.774,16.975],[106.77,16.943],[106.766,16.937],[106.753,16.934],[106.746,16.938],[106.741,16.942],[106.732,16.948],[106.696,16.958],[106.668,16.952],[106.652,16.946],[106.615,16.944],[106.606,16.957],[106.607,16.965],[106.605,16.976],[106.602,16.983],[106.589,16.991],[106.575,16.994],[106.551,16.993],[106.549,16.992]]]}},{"type":"Feature","properties":{"name":"Sóc Trăng"},"geometry":{"type":"MultiPolygon","coordinates":[[[[106.145,8.612],[106.145,8.62],[106.14,8.619],[106.138,8.612],[106.141,8.611],[106.145,8.612]]],[[[105.838,9.262],[105.859,9.266],[105.88,9.272],[105.9,9.276],[105.969,9.299],[105.999,9.305],[106.063,9.324],[106.104,9.333],[106.152,9.339],[106.169,9.344],[106.179,9.345],[106.19,9.349],[106.2,9.358],[106.205,9.373],[106.204,9.4],[106.206,9.432],[106.222,9.47],[106.238,9.481],[106.27,9.494],[106.283,9.511],[106.292,9.535],[106.296,9.56],[106.257,9.6],[106.184,9.672],[106.146,9.716],[106.128,9.745],[106.107,9.769],[106.087,9.786],[106.049,9.815],[105.98,9.886],[105.935,9.921],[105.921,9.933],[105.913,9.933],[105.903,9.941],[105.9,9.941],[105.891,9.934],[105.882,9.925],[105.872,9.906],[105.867,9.895],[105.865,9.866],[105.858,9.845],[105.846,9.819],[105.845,9.795],[105.84,9.755],[105.828,9.74],[105.801,9.723],[105.778,9.705],[105.755,9.697],[105.731,9.683],[105.704,9.668],[105.672,9.655],[105.65,9.647],[105.622,9.643],[105.598,9.634],[105.575,9.631],[105.558,9.626],[105.55,9.615],[105.55,9.463],[105.613,9.445],[105.632,9.43],[105.667,9.408],[105.681,9.401],[105.7,9.398],[105.723,9.407],[105.742,9.418],[105.761,9.423],[105.776,9.424],[105.785,9.406],[105.787,9.398],[105.793,9.39],[105.801,9.388],[105.822,9.395],[105.834,9.409],[105.85,9.41],[105.862,9.398],[105.859,9.38],[105.853,9.371],[105.835,9.367],[105.824,9.346],[105.829,9.316],[105.83,9.261],[105.838,9.262]]]]}},{"type":"Feature","properties":{"name":"Sơn La"},"geometry":{"type":"Polygon","coordinates":[[[103.217,20.896],[103.217,20.896],[103.212,20.889],[103.225,20.885],[103.235,20.872],[103.235,20.86],[103.229,20.854],[103.236,20.841],[103.252,20.835],[103.262,20.835],[103.269,20.837],[103.288,20.837],[103.299,20.834],[103.305,20.825],[103.316,20.823],[103.351,20.804],[103.364,20.808],[103.387,20.789],[103.397,20.786],[103.407,20.791],[103.409,20.796],[103.418,20.798],[103.43,20.794],[103.441,20.796],[103.443,20.809],[103.456,20.823],[103.463,20.827],[103.468,20.827],[103.469,20.823],[103.484,20.813],[103.484,20.808],[103.482,20.8],[103.497,20.779],[103.502,20.765],[103.505,20.76],[103.51,20.756],[103.523,20.752],[103.569,20.75],[103.593,20.746],[103.605,20.739],[103.607,20.735],[103.615,20.728],[103.63,20.722],[103.64,20.717],[103.644,20.71],[103.654,20.704],[103.666,20.699],[103.672,20.693],[103.676,20.687],[103.677,20.68],[103.681,20.671],[103.688,20.665],[103.716,20.666],[103.735,20.671],[103.741,20.678],[103.743,20.685],[103.735,20.694],[103.732,20.708],[103.728,20.72],[103.729,20.728],[103.734,20.735],[103.755,20.74],[103.775,20.74],[103.784,20.745],[103.789,20.753],[103.786,20.773],[103.781,20.787],[103.781,20.797],[103.778,20.808],[103.781,20.815],[103.786,20.818],[103.796,20.821],[103.8,20.825],[103.806,20.837],[103.802,20.844],[103.803,20.852],[103.809,20.857],[103.812,20.863],[103.819,20.864],[103.845,20.863],[103.859,20.866],[103.887,20.884],[103.928,20.9],[103.94,20.9],[103.956,20.898],[103.964,20.902],[103.97,20.908],[103.987,20.911],[104.008,20.912],[104.027,20.91],[104.04,20.912],[104.05,20.922],[104.053,20.933],[104.055,20.948],[104.062,20.954],[104.093,20.972],[104.106,20.973],[104.119,20.969],[104.129,20.96],[104.138,20.956],[104.172,20.948],[104.2,20.945],[104.232,20.934],[104.247,20.908],[104.258,20.905],[104.268,20.914],[104.282,20.913],[104.304,20.905],[104.318,20.891],[104.322,20.879],[104.344,20.857],[104.354,20.841],[104.385,20.807],[104.403,20.794],[104.419,20.786],[104.475,20.768],[104.483,20.729],[104.5,20.715],[104.523,20.71],[104.549,20.7],[104.558,20.692],[104.565,20.682],[104.579,20.679],[104.616,20.678],[104.626,20.677],[104.634,20.671],[104.638,20.66],[104.63,20.633],[104.635,20.612],[104.647,20.612],[104.698,20.594],[104.715,20.584],[104.725,20.572],[104.735,20.565],[104.752,20.565],[104.775,20.571],[104.796,20.588],[104.802,20.599],[104.812,20.608],[104.818,20.616],[104.82,20.624],[104.834,20.632],[104.838,20.64],[104.848,20.645],[104.856,20.655],[104.852,20.667],[104.851,20.682],[104.855,20.693],[104.87,20.701],[104.876,20.706],[104.882,20.742],[104.884,20.752],[104.889,20.759],[104.913,20.766],[104.94,20.763],[104.974,20.748],[105.026,20.737],[105.043,20.746],[105.051,20.77],[105.071,20.792],[105.071,20.801],[105.047,20.857],[105.049,20.873],[105.047,20.896],[105.038,20.909],[105.027,20.915],[105.002,20.923],[104.999,20.931],[104.991,20.94],[104.983,20.945],[104.977,20.954],[104.949,20.979],[104.941,20.992],[104.937,21.002],[104.916,21.02],[104.91,21.032],[104.909,21.048],[104.912,21.058],[104.924,21.075],[104.933,21.081],[104.938,21.086],[104.939,21.091],[104.94,21.096],[104.932,21.11],[104.92,21.121],[104.91,21.127],[104.903,21.14],[104.906,21.159],[104.908,21.197],[104.904,21.232],[104.897,21.256],[104.889,21.269],[104.881,21.287],[104.878,21.298],[104.877,21.312],[104.873,21.316],[104.871,21.318],[104.828,21.32],[104.796,21.325],[104.79,21.33],[104.776,21.349],[104.767,21.369],[104.761,21.375],[104.746,21.376],[104.732,21.367],[104.714,21.359],[104.689,21.362],[104.655,21.375],[104.638,21.384],[104.623,21.398],[104.606,21.407],[104.585,21.415],[104.576,21.413],[104.563,21.404],[104.543,21.379],[104.532,21.367],[104.514,21.351],[104.504,21.345],[104.487,21.343],[104.468,21.349],[104.441,21.353],[104.431,21.358],[104.414,21.376],[104.401,21.388],[104.371,21.401],[104.357,21.402],[104.341,21.408],[104.327,21.414],[104.326,21.425],[104.32,21.442],[104.308,21.456],[104.303,21.464],[104.3,21.473],[104.304,21.484],[104.31,21.494],[104.312,21.502],[104.31,21.508],[104.312,21.521],[104.319,21.546],[104.326,21.557],[104.326,21.564],[104.331,21.584],[104.337,21.59],[104.352,21.598],[104.355,21.607],[104.358,21.625],[104.348,21.632],[104.315,21.645],[104.311,21.653],[104.269,21.664],[104.253,21.663],[104.21,21.634],[104.195,21.631],[104.178,21.633],[104.155,21.641],[104.122,21.644],[104.103,21.643],[104.087,21.644],[104.076,21.647],[104.044,21.662],[104.017,21.669],[103.984,21.662],[103.961,21.668],[103.946,21.677],[103.941,21.689],[103.924,21.701],[103.905,21.699],[103.901,21.696],[103.899,21.69],[103.884,21.686],[103.877,21.687],[103.855,21.694],[103.851,21.699],[103.846,21.712],[103.835,21.721],[103.825,21.726],[103.815,21.728],[103.804,21.734],[103.796,21.75],[103.787,21.761],[103.75,21.8],[103.734,21.804],[103.719,21.813],[103.71,21.821],[103.711,21.829],[103.715,21.84],[103.716,21.857],[103.713,21.869],[103.709,21.879],[103.697,21.894],[103.692,21.906],[103.688,21.939],[103.671,21.95],[103.663,21.962],[103.651,21.986],[103.623,21.992],[103.587,22.011],[103.561,22.016],[103.535,22.014],[103.527,22.012],[103.52,22.007],[103.514,21.996],[103.512,21.977],[103.505,21.964],[103.503,21.964],[103.506,21.953],[103.492,21.939],[103.49,21.912],[103.486,21.897],[103.495,21.877],[103.516,21.866],[103.53,21.84],[103.542,21.813],[103.545,21.801],[103.545,21.773],[103.547,21.765],[103.559,21.753],[103.566,21.735],[103.585,21.716],[103.596,21.701],[103.598,21.694],[103.598,21.68],[103.6,21.671],[103.596,21.662],[103.569,21.635],[103.566,21.627],[103.564,21.604],[103.557,21.592],[103.552,21.587],[103.549,21.578],[103.545,21.557],[103.538,21.546],[103.531,21.54],[103.529,21.531],[103.511,21.519],[103.487,21.513],[103.466,21.5],[103.459,21.491],[103.457,21.453],[103.447,21.438],[103.444,21.428],[103.432,21.421],[103.413,21.425],[103.372,21.426],[103.338,21.416],[103.335,21.41],[103.344,21.4],[103.359,21.372],[103.378,21.359],[103.385,21.357],[103.388,21.345],[103.383,21.33],[103.396,21.32],[103.424,21.315],[103.434,21.302],[103.438,21.286],[103.44,21.252],[103.434,21.219],[103.439,21.199],[103.438,21.186],[103.426,21.166],[103.412,21.149],[103.403,21.133],[103.394,21.122],[103.399,21.113],[103.408,21.104],[103.416,21.089],[103.42,21.073],[103.419,21.068],[103.409,21.06],[103.394,21.056],[103.383,21.058],[103.366,21.069],[103.344,21.086],[103.33,21.093],[103.307,21.097],[103.294,21.097],[103.284,21.09],[103.287,21.076],[103.297,21.069],[103.296,21.062],[103.281,21.059],[103.279,21.048],[103.29,21.02],[103.285,21.005],[103.293,20.99],[103.297,20.983],[103.296,20.961],[103.292,20.951],[103.278,20.94],[103.275,20.912],[103.262,20.899],[103.253,20.898],[103.237,20.894],[103.23,20.894],[103.217,20.896]]]}},{"type":"Feature","properties":{"name":"Tây Ninh"},"geometry":{"type":"Polygon","coordinates":[[[106.446,11.473],[106.433,11.495],[106.43,11.504],[106.432,11.516],[106.457,11.523],[106.48,11.523],[106.488,11.531],[106.491,11.55],[106.487,11.581],[106.46,11.62],[106.457,11.631],[106.449,11.652],[106.447,11.668],[106.449,11.67],[106.447,11.671],[106.437,11.671],[106.412,11.677],[106.392,11.69],[106.384,11.693],[106.362,11.692],[106.334,11.679],[106.313,11.677],[106.302,11.68],[106.291,11.693],[106.281,11.7],[106.266,11.719],[106.257,11.724],[106.228,11.73],[106.221,11.731],[106.199,11.74],[106.194,11.747],[106.186,11.748],[106.17,11.735],[106.157,11.735],[106.142,11.743],[106.127,11.743],[106.11,11.747],[106.091,11.764],[106.075,11.775],[106.041,11.779],[106.02,11.771],[106.011,11.759],[106.013,11.743],[106.018,11.73],[106.007,11.72],[106,11.708],[105.99,11.7],[105.984,11.692],[105.98,11.664],[105.966,11.647],[105.951,11.641],[105.939,11.644],[105.907,11.666],[105.885,11.676],[105.865,11.676],[105.852,11.667],[105.827,11.637],[105.822,11.626],[105.812,11.618],[105.809,11.604],[105.811,11.589],[105.816,11.573],[105.83,11.572],[105.855,11.565],[105.869,11.557],[105.881,11.541],[105.883,11.524],[105.877,11.487],[105.875,11.467],[105.877,11.456],[105.896,11.447],[105.896,11.435],[105.89,11.426],[105.877,11.411],[105.875,11.388],[105.876,11.377],[105.881,11.363],[105.871,11.317],[105.873,11.306],[105.888,11.299],[105.903,11.265],[105.91,11.239],[105.932,11.223],[106.011,11.19],[106.019,11.176],[106.023,11.161],[106.033,11.138],[106.061,11.123],[106.11,11.079],[106.121,11.086],[106.157,11.098],[106.165,11.083],[106.18,11.044],[106.185,11.009],[106.199,10.975],[106.236,10.964],[106.26,10.965],[106.283,10.979],[106.296,10.994],[106.313,10.992],[106.335,10.981],[106.354,10.964],[106.409,10.933],[106.419,10.929],[106.412,10.948],[106.409,10.988],[106.426,11.042],[106.442,11.065],[106.445,11.094],[106.45,11.109],[106.458,11.119],[106.468,11.127],[106.464,11.13],[106.451,11.139],[106.428,11.151],[106.417,11.164],[106.403,11.19],[106.382,11.22],[106.363,11.279],[106.363,11.306],[106.365,11.324],[106.371,11.346],[106.385,11.376],[106.399,11.411],[106.436,11.457],[106.444,11.471],[106.446,11.473]]]}},{"type":"Feature","properties":{"name":"Thái Bình"},"geometry":{"type":"Polygon","coordinates":[[[106.232,20.478],[106.235,20.478],[106.249,20.48],[106.256,20.479],[106.267,20.473],[106.272,20.465],[106.269,20.448],[106.26,20.431],[106.261,20.426],[106.266,20.42],[106.294,20.419],[106.314,20.414],[106.324,20.408],[106.328,20.396],[106.326,20.383],[106.317,20.369],[106.298,20.351],[106.297,20.34],[106.304,20.336],[106.32,20.336],[106.331,20.341],[106.361,20.361],[106.369,20.37],[106.378,20.374],[106.393,20.372],[106.422,20.353],[106.43,20.352],[106.441,20.346],[106.45,20.331],[106.464,20.315],[106.478,20.311],[106.536,20.315],[106.553,20.328],[106.567,20.329],[106.599,20.303],[106.603,20.294],[106.613,20.308],[106.621,20.34],[106.622,20.354],[106.613,20.397],[106.613,20.413],[106.627,20.444],[106.627,20.472],[106.622,20.493],[106.599,20.533],[106.593,20.555],[106.605,20.576],[106.615,20.583],[106.631,20.606],[106.637,20.623],[106.636,20.631],[106.633,20.634],[106.617,20.644],[106.594,20.652],[106.558,20.649],[106.544,20.647],[106.53,20.641],[106.52,20.634],[106.507,20.631],[106.494,20.638],[106.477,20.655],[106.462,20.69],[106.45,20.698],[106.44,20.706],[106.431,20.716],[106.423,20.722],[106.418,20.726],[106.409,20.729],[106.394,20.724],[106.384,20.717],[106.371,20.712],[106.334,20.709],[106.309,20.694],[106.299,20.692],[106.299,20.692],[106.295,20.685],[106.271,20.666],[106.256,20.659],[106.241,20.653],[106.194,20.652],[106.185,20.646],[106.177,20.627],[106.167,20.618],[106.167,20.618],[106.169,20.615],[106.171,20.612],[106.174,20.609],[106.183,20.595],[106.187,20.582],[106.19,20.574],[106.216,20.557],[106.224,20.541],[106.229,20.505],[106.234,20.491],[106.232,20.478]]]}},{"type":"Feature","properties":{"name":"Thái Nguyên"},"geometry":{"type":"Polygon","coordinates":[[[106.233,21.608],[106.24,21.624],[106.254,21.649],[106.261,21.655],[106.27,21.671],[106.27,21.683],[106.276,21.7],[106.278,21.715],[106.268,21.723],[106.227,21.728],[106.208,21.735],[106.187,21.757],[106.179,21.763],[106.167,21.769],[106.155,21.77],[106.145,21.773],[106.14,21.778],[106.132,21.791],[106.13,21.798],[106.133,21.805],[106.149,21.816],[106.156,21.828],[106.152,21.833],[106.15,21.868],[106.152,21.877],[106.16,21.885],[106.169,21.904],[106.154,21.913],[106.146,21.92],[106.125,21.927],[106.124,21.928],[106.124,21.928],[106.121,21.93],[106.114,21.934],[106.088,21.938],[106.078,21.943],[106.068,21.955],[106.057,21.959],[106.049,21.956],[106.044,21.945],[106.015,21.939],[106.008,21.93],[105.996,21.924],[105.978,21.902],[105.957,21.895],[105.948,21.891],[105.942,21.887],[105.936,21.877],[105.914,21.864],[105.899,21.857],[105.885,21.853],[105.839,21.845],[105.823,21.832],[105.817,21.824],[105.816,21.816],[105.811,21.809],[105.802,21.81],[105.796,21.813],[105.788,21.819],[105.788,21.832],[105.785,21.839],[105.782,21.854],[105.783,21.871],[105.793,21.889],[105.796,21.901],[105.79,21.91],[105.785,21.924],[105.784,21.932],[105.786,21.94],[105.794,21.947],[105.796,21.952],[105.795,21.962],[105.78,21.98],[105.778,21.993],[105.771,22.008],[105.765,22.011],[105.752,22.014],[105.733,22.015],[105.722,22.018],[105.715,22.024],[105.711,22.032],[105.689,22.045],[105.683,22.047],[105.671,22.045],[105.653,22.023],[105.64,22.018],[105.613,22.012],[105.605,22.008],[105.584,21.973],[105.576,21.966],[105.573,21.964],[105.574,21.958],[105.566,21.952],[105.566,21.945],[105.569,21.927],[105.567,21.913],[105.563,21.903],[105.558,21.9],[105.553,21.899],[105.546,21.894],[105.544,21.888],[105.544,21.876],[105.548,21.864],[105.547,21.857],[105.532,21.845],[105.526,21.834],[105.523,21.825],[105.522,21.817],[105.525,21.806],[105.536,21.782],[105.538,21.772],[105.539,21.762],[105.529,21.739],[105.528,21.727],[105.523,21.704],[105.514,21.692],[105.511,21.682],[105.515,21.668],[105.518,21.662],[105.54,21.629],[105.563,21.6],[105.582,21.585],[105.593,21.587],[105.605,21.584],[105.609,21.582],[105.624,21.565],[105.63,21.561],[105.649,21.555],[105.66,21.547],[105.666,21.532],[105.678,21.514],[105.687,21.505],[105.709,21.487],[105.73,21.475],[105.74,21.472],[105.754,21.463],[105.768,21.451],[105.789,21.438],[105.808,21.434],[105.816,21.427],[105.823,21.408],[105.841,21.399],[105.853,21.399],[105.869,21.404],[105.874,21.405],[105.887,21.401],[105.892,21.396],[105.903,21.391],[105.918,21.39],[105.927,21.371],[105.934,21.364],[105.969,21.35],[105.969,21.35],[105.971,21.356],[105.974,21.369],[105.981,21.378],[105.998,21.387],[106.012,21.402],[106.017,21.412],[106.024,21.432],[106.03,21.436],[106.036,21.435],[106.048,21.43],[106.072,21.416],[106.084,21.412],[106.095,21.413],[106.101,21.423],[106.103,21.436],[106.103,21.449],[106.109,21.462],[106.112,21.476],[106.112,21.498],[106.11,21.509],[106.111,21.53],[106.108,21.558],[106.099,21.569],[106.098,21.576],[106.102,21.585],[106.111,21.597],[106.141,21.617],[106.187,21.613],[106.201,21.613],[106.221,21.616],[106.233,21.608]]]}},{"type":"Feature","properties":{"name":"Thanh Hóa"},"geometry":{"type":"MultiPolygon","coordinates":[[[[105.921,19.362],[105.929,19.365],[105.931,19.376],[105.931,19.38],[105.928,19.385],[105.923,19.387],[105.914,19.385],[105.904,19.379],[105.904,19.372],[105.907,19.365],[105.915,19.362],[105.921,19.362]]],[[[104.856,20.655],[104.848,20.645],[104.838,20.64],[104.834,20.632],[104.82,20.624],[104.818,20.616],[104.812,20.608],[104.802,20.599],[104.796,20.588],[104.775,20.571],[104.752,20.565],[104.735,20.565],[104.725,20.572],[104.715,20.584],[104.698,20.594],[104.647,20.612],[104.635,20.612],[104.626,20.596],[104.612,20.593],[104.596,20.594],[104.581,20.59],[104.544,20.566],[104.533,20.553],[104.516,20.543],[104.502,20.538],[104.482,20.523],[104.453,20.509],[104.436,20.505],[104.416,20.49],[104.391,20.481],[104.385,20.474],[104.379,20.462],[104.382,20.451],[104.391,20.442],[104.405,20.426],[104.407,20.411],[104.411,20.403],[104.422,20.398],[104.439,20.385],[104.455,20.379],[104.489,20.376],[104.515,20.383],[104.523,20.39],[104.53,20.404],[104.544,20.416],[104.568,20.418],[104.597,20.422],[104.61,20.428],[104.618,20.438],[104.619,20.454],[104.627,20.464],[104.638,20.472],[104.656,20.473],[104.663,20.47],[104.665,20.456],[104.67,20.45],[104.693,20.434],[104.71,20.413],[104.711,20.401],[104.701,20.4],[104.689,20.402],[104.664,20.394],[104.657,20.386],[104.639,20.378],[104.622,20.367],[104.617,20.35],[104.616,20.34],[104.618,20.31],[104.616,20.299],[104.615,20.289],[104.616,20.284],[104.621,20.271],[104.629,20.26],[104.677,20.242],[104.69,20.238],[104.701,20.238],[104.711,20.236],[104.737,20.225],[104.756,20.221],[104.776,20.22],[104.788,20.217],[104.803,20.21],[104.83,20.193],[104.86,20.18],[104.877,20.175],[104.888,20.174],[104.898,20.175],[104.907,20.174],[104.924,20.177],[104.93,20.172],[104.93,20.163],[104.932,20.156],[104.971,20.123],[104.982,20.108],[104.981,20.095],[104.974,20.086],[104.946,20.055],[104.943,20.048],[104.936,20.043],[104.933,20.037],[104.94,20.032],[104.958,20.03],[104.969,20.014],[104.98,20.003],[104.985,19.992],[104.996,19.979],[105.014,19.971],[105.062,19.967],[105.077,19.963],[105.106,19.964],[105.148,19.957],[105.168,19.949],[105.184,19.934],[105.19,19.923],[105.196,19.901],[105.189,19.893],[105.169,19.882],[105.155,19.869],[105.142,19.869],[105.13,19.854],[105.127,19.846],[105.125,19.811],[105.132,19.769],[105.154,19.745],[105.16,19.731],[105.166,19.719],[105.173,19.712],[105.214,19.688],[105.225,19.676],[105.24,19.673],[105.262,19.675],[105.268,19.666],[105.272,19.645],[105.273,19.625],[105.275,19.619],[105.278,19.598],[105.277,19.577],[105.268,19.557],[105.27,19.546],[105.274,19.539],[105.279,19.517],[105.283,19.512],[105.298,19.507],[105.306,19.51],[105.316,19.519],[105.332,19.544],[105.341,19.547],[105.35,19.542],[105.357,19.532],[105.36,19.509],[105.37,19.49],[105.38,19.477],[105.428,19.459],[105.465,19.453],[105.481,19.454],[105.512,19.463],[105.523,19.462],[105.532,19.457],[105.538,19.446],[105.539,19.435],[105.544,19.422],[105.553,19.416],[105.567,19.412],[105.583,19.403],[105.593,19.394],[105.616,19.381],[105.626,19.377],[105.642,19.366],[105.651,19.353],[105.662,19.344],[105.667,19.331],[105.676,19.322],[105.687,19.318],[105.71,19.316],[105.726,19.316],[105.754,19.32],[105.783,19.316],[105.804,19.307],[105.809,19.291],[105.821,19.304],[105.822,19.311],[105.819,19.32],[105.812,19.33],[105.799,19.36],[105.776,19.38],[105.771,19.394],[105.773,19.409],[105.791,19.428],[105.797,19.439],[105.801,19.454],[105.804,19.529],[105.813,19.542],[105.823,19.576],[105.834,19.632],[105.836,19.65],[105.843,19.671],[105.864,19.711],[105.872,19.721],[105.887,19.73],[105.898,19.724],[105.911,19.723],[105.921,19.73],[105.927,19.751],[105.944,19.846],[105.961,19.88],[105.962,19.895],[105.962,19.909],[105.968,19.925],[105.982,19.936],[105.993,19.941],[106.02,19.944],[106.025,19.965],[106.028,19.991],[106.036,19.999],[106.038,20.001],[106.053,20.003],[106.062,20.019],[106.071,20.046],[106.076,20.054],[106.074,20.066],[106.055,20.065],[106.028,20.057],[105.97,20.053],[105.955,20.056],[105.931,20.072],[105.903,20.082],[105.882,20.096],[105.835,20.115],[105.749,20.151],[105.739,20.158],[105.704,20.184],[105.679,20.207],[105.662,20.228],[105.636,20.248],[105.586,20.282],[105.562,20.29],[105.545,20.304],[105.54,20.325],[105.54,20.331],[105.527,20.337],[105.514,20.346],[105.508,20.358],[105.504,20.364],[105.498,20.368],[105.471,20.373],[105.445,20.382],[105.435,20.382],[105.422,20.378],[105.4,20.379],[105.387,20.381],[105.37,20.387],[105.35,20.392],[105.331,20.401],[105.325,20.407],[105.281,20.427],[105.259,20.442],[105.245,20.448],[105.233,20.456],[105.214,20.483],[105.2,20.5],[105.187,20.511],[105.149,20.521],[105.133,20.528],[105.111,20.55],[105.098,20.557],[105.078,20.563],[105.069,20.563],[105.061,20.56],[105.047,20.548],[105.037,20.545],[105.012,20.546],[105.005,20.547],[104.983,20.558],[104.964,20.564],[104.958,20.568],[104.953,20.588],[104.941,20.606],[104.938,20.614],[104.928,20.624],[104.924,20.627],[104.9,20.629],[104.893,20.63],[104.876,20.639],[104.863,20.647],[104.858,20.652],[104.856,20.655]]]]}},{"type":"Feature","properties":{"name":"Thừa Thiên Huế"},"geometry":{"type":"Polygon","coordinates":[[[108.158,16.202],[108.182,16.207],[108.196,16.209],[108.19,16.214],[108.156,16.212],[108.147,16.215],[108.127,16.215],[108.116,16.217],[108.085,16.238],[108.061,16.272],[108.039,16.307],[108.038,16.324],[108.031,16.336],[108.024,16.342],[108.02,16.341],[108.019,16.337],[108.023,16.322],[108.021,16.319],[108.012,16.314],[108.002,16.312],[107.982,16.316],[107.963,16.33],[107.953,16.341],[107.946,16.345],[107.942,16.341],[107.934,16.343],[107.901,16.369],[107.877,16.385],[107.785,16.466],[107.742,16.5],[107.681,16.545],[107.634,16.569],[107.628,16.568],[107.63,16.565],[107.639,16.559],[107.663,16.547],[107.684,16.533],[107.713,16.51],[107.741,16.48],[107.741,16.476],[107.738,16.473],[107.732,16.472],[107.724,16.476],[107.712,16.489],[107.7,16.496],[107.688,16.509],[107.684,16.518],[107.678,16.519],[107.657,16.496],[107.651,16.494],[107.647,16.496],[107.646,16.503],[107.651,16.509],[107.653,16.517],[107.649,16.527],[107.637,16.545],[107.613,16.56],[107.601,16.565],[107.584,16.578],[107.536,16.593],[107.524,16.605],[107.496,16.612],[107.464,16.625],[107.436,16.64],[107.435,16.65],[107.441,16.655],[107.446,16.656],[107.459,16.653],[107.491,16.639],[107.519,16.618],[107.546,16.607],[107.566,16.595],[107.577,16.591],[107.581,16.588],[107.619,16.571],[107.622,16.574],[107.586,16.599],[107.544,16.624],[107.527,16.639],[107.504,16.654],[107.476,16.67],[107.429,16.708],[107.413,16.725],[107.398,16.738],[107.389,16.742],[107.368,16.724],[107.357,16.708],[107.35,16.702],[107.347,16.695],[107.335,16.679],[107.331,16.672],[107.323,16.656],[107.315,16.647],[107.313,16.637],[107.316,16.627],[107.324,16.612],[107.321,16.604],[107.301,16.585],[107.275,16.571],[107.27,16.57],[107.257,16.575],[107.246,16.582],[107.233,16.584],[107.213,16.584],[107.168,16.577],[107.144,16.569],[107.12,16.555],[107.081,16.544],[107.074,16.537],[107.073,16.525],[107.076,16.514],[107.087,16.508],[107.112,16.504],[107.12,16.5],[107.13,16.49],[107.141,16.467],[107.149,16.435],[107.162,16.405],[107.164,16.393],[107.157,16.389],[107.131,16.388],[107.122,16.385],[107.115,16.375],[107.111,16.35],[107.11,16.329],[107.107,16.311],[107.099,16.306],[107.128,16.286],[107.145,16.276],[107.161,16.274],[107.164,16.272],[107.168,16.257],[107.165,16.244],[107.152,16.212],[107.162,16.188],[107.177,16.17],[107.208,16.149],[107.257,16.141],[107.284,16.128],[107.304,16.108],[107.313,16.095],[107.326,16.085],[107.339,16.062],[107.353,16.057],[107.387,16.063],[107.414,16.073],[107.431,16.083],[107.446,16.086],[107.471,16.079],[107.473,16.064],[107.462,16.039],[107.47,16.025],[107.48,16.038],[107.491,16.036],[107.5,16.026],[107.529,16.013],[107.557,16.007],[107.569,16.02],[107.572,16.046],[107.596,16.056],[107.618,16.058],[107.628,16.052],[107.636,16.033],[107.664,16.019],[107.701,15.997],[107.718,15.994],[107.732,15.996],[107.759,16.016],[107.78,16.042],[107.799,16.052],[107.81,16.056],[107.819,16.058],[107.821,16.058],[107.835,16.077],[107.838,16.084],[107.845,16.092],[107.861,16.1],[107.864,16.107],[107.866,16.123],[107.878,16.158],[107.881,16.173],[107.879,16.183],[107.887,16.192],[107.902,16.196],[107.914,16.197],[107.929,16.193],[107.943,16.191],[107.972,16.193],[107.981,16.2],[107.99,16.206],[107.997,16.206],[108.007,16.199],[108.015,16.194],[108.043,16.181],[108.052,16.179],[108.066,16.179],[108.076,16.183],[108.097,16.184],[108.119,16.185],[108.135,16.189],[108.149,16.2],[108.158,16.202]]]}},{"type":"Feature","properties":{"name":"Tiền Giang"},"geometry":{"type":"Polygon","coordinates":[[[106.663,10.254],[106.721,10.244],[106.755,10.237],[106.779,10.243],[106.783,10.265],[106.773,10.293],[106.77,10.319],[106.789,10.334],[106.814,10.351],[106.806,10.381],[106.808,10.393],[106.791,10.403],[106.776,10.411],[106.765,10.436],[106.75,10.49],[106.746,10.509],[106.734,10.496],[106.703,10.461],[106.693,10.431],[106.678,10.426],[106.675,10.415],[106.651,10.408],[106.641,10.42],[106.633,10.433],[106.618,10.423],[106.602,10.409],[106.567,10.391],[106.542,10.381],[106.512,10.389],[106.464,10.377],[106.421,10.379],[106.414,10.398],[106.43,10.41],[106.433,10.428],[106.392,10.443],[106.348,10.447],[106.341,10.463],[106.341,10.494],[106.334,10.509],[106.307,10.538],[106.284,10.552],[106.277,10.56],[106.248,10.561],[106.167,10.569],[106.134,10.568],[106.1,10.572],[106.102,10.523],[105.927,10.539],[105.927,10.533],[105.928,10.519],[105.927,10.508],[105.926,10.493],[105.918,10.486],[105.878,10.458],[105.849,10.427],[105.833,10.401],[105.827,10.395],[105.815,10.395],[105.804,10.392],[105.8,10.374],[105.8,10.365],[105.805,10.352],[105.823,10.332],[105.827,10.319],[105.834,10.311],[105.85,10.307],[105.854,10.301],[105.893,10.278],[105.895,10.278],[105.904,10.276],[105.932,10.285],[105.945,10.296],[105.972,10.32],[105.98,10.324],[105.991,10.324],[106.004,10.319],[106.018,10.305],[106.033,10.297],[106.044,10.291],[106.075,10.282],[106.101,10.281],[106.118,10.283],[106.144,10.287],[106.174,10.293],[106.186,10.302],[106.205,10.311],[106.264,10.314],[106.317,10.32],[106.348,10.32],[106.392,10.314],[106.445,10.292],[106.485,10.284],[106.524,10.273],[106.573,10.269],[106.656,10.255],[106.663,10.254]]]}},{"type":"Feature","properties":{"name":"Trà Vinh"},"geometry":{"type":"Polygon","coordinates":[[[106.258,10.09],[106.253,10.08],[106.235,10.078],[106.229,10.058],[106.22,10.042],[106.204,10.037],[106.168,10.035],[106.12,10.042],[106.104,10.037],[106.095,10.022],[106.093,9.985],[106.086,9.978],[106.074,9.975],[106.059,9.974],[106.025,9.977],[106.009,9.97],[105.995,9.956],[105.973,9.944],[105.942,9.932],[105.921,9.933],[105.935,9.921],[105.98,9.886],[106.049,9.815],[106.087,9.786],[106.164,9.721],[106.186,9.705],[106.269,9.638],[106.305,9.611],[106.398,9.55],[106.432,9.545],[106.459,9.545],[106.489,9.548],[106.542,9.573],[106.572,9.595],[106.585,9.621],[106.595,9.656],[106.586,9.687],[106.571,9.721],[106.547,9.77],[106.546,9.786],[106.562,9.811],[106.565,9.825],[106.562,9.839],[106.55,9.86],[106.51,9.899],[106.449,9.935],[106.421,9.957],[106.35,9.99],[106.321,10.012],[106.281,10.056],[106.258,10.09]]]}},{"type":"Feature","properties":{"name":"Tuyên Quang"},"geometry":{"type":"Polygon","coordinates":[[[105.573,21.964],[105.567,21.972],[105.543,21.984],[105.541,21.994],[105.539,21.998],[105.521,22.011],[105.515,22.018],[105.512,22.025],[105.511,22.034],[105.506,22.047],[105.503,22.048],[105.494,22.062],[105.493,22.069],[105.486,22.077],[105.474,22.095],[105.472,22.104],[105.475,22.112],[105.477,22.123],[105.491,22.133],[105.498,22.141],[105.498,22.153],[105.494,22.161],[105.488,22.166],[105.48,22.168],[105.463,22.179],[105.459,22.185],[105.445,22.199],[105.44,22.212],[105.442,22.217],[105.443,22.234],[105.441,22.244],[105.448,22.263],[105.459,22.274],[105.483,22.284],[105.484,22.292],[105.481,22.302],[105.486,22.314],[105.494,22.329],[105.507,22.342],[105.513,22.356],[105.517,22.397],[105.522,22.403],[105.538,22.407],[105.547,22.405],[105.554,22.411],[105.545,22.429],[105.545,22.438],[105.566,22.47],[105.592,22.496],[105.596,22.507],[105.595,22.521],[105.585,22.543],[105.58,22.549],[105.553,22.573],[105.547,22.587],[105.547,22.594],[105.55,22.606],[105.543,22.609],[105.533,22.619],[105.531,22.633],[105.529,22.634],[105.513,22.634],[105.502,22.636],[105.502,22.636],[105.488,22.624],[105.476,22.618],[105.45,22.608],[105.424,22.611],[105.407,22.618],[105.392,22.636],[105.367,22.642],[105.341,22.643],[105.33,22.638],[105.322,22.623],[105.31,22.612],[105.296,22.614],[105.286,22.618],[105.281,22.629],[105.272,22.639],[105.261,22.647],[105.25,22.657],[105.218,22.669],[105.21,22.674],[105.189,22.677],[105.18,22.682],[105.169,22.686],[105.155,22.686],[105.144,22.683],[105.135,22.675],[105.138,22.66],[105.145,22.649],[105.16,22.638],[105.16,22.63],[105.142,22.617],[105.133,22.607],[105.12,22.577],[105.133,22.544],[105.13,22.53],[105.109,22.493],[105.11,22.478],[105.114,22.459],[105.112,22.454],[105.099,22.444],[105.095,22.436],[105.102,22.416],[105.091,22.391],[105.089,22.37],[105.086,22.36],[105.08,22.355],[105.063,22.36],[105.05,22.354],[105.052,22.348],[105.062,22.333],[105.053,22.304],[105.043,22.286],[105.02,22.274],[105.007,22.27],[104.992,22.312],[104.985,22.318],[104.97,22.315],[104.951,22.316],[104.925,22.33],[104.912,22.324],[104.909,22.315],[104.911,22.299],[104.915,22.287],[104.924,22.28],[104.924,22.273],[104.921,22.267],[104.908,22.257],[104.906,22.249],[104.91,22.246],[104.912,22.232],[104.908,22.207],[104.906,22.202],[104.897,22.19],[104.889,22.187],[104.883,22.186],[104.858,22.191],[104.849,22.186],[104.849,22.186],[104.851,22.181],[104.854,22.178],[104.866,22.146],[104.867,22.126],[104.87,22.116],[104.875,22.109],[104.875,22.098],[104.882,22.082],[104.889,22.075],[104.932,22.061],[104.941,22.056],[104.948,22.048],[104.953,22.04],[104.966,22.032],[104.975,22.034],[104.98,22.039],[104.994,22.046],[105.009,22.044],[105.017,22.04],[105.017,22.007],[105.022,21.983],[105.017,21.967],[105.01,21.954],[105.014,21.948],[105.033,21.941],[105.047,21.931],[105.05,21.906],[105.053,21.9],[105.062,21.898],[105.07,21.892],[105.076,21.868],[105.103,21.844],[105.12,21.839],[105.13,21.825],[105.131,21.821],[105.131,21.81],[105.122,21.799],[105.12,21.794],[105.122,21.779],[105.121,21.759],[105.108,21.743],[105.109,21.732],[105.125,21.719],[105.134,21.714],[105.137,21.708],[105.143,21.704],[105.162,21.705],[105.19,21.705],[105.205,21.703],[105.214,21.697],[105.22,21.684],[105.236,21.671],[105.262,21.659],[105.27,21.653],[105.283,21.626],[105.293,21.586],[105.298,21.575],[105.324,21.55],[105.35,21.534],[105.362,21.524],[105.366,21.521],[105.368,21.521],[105.376,21.524],[105.389,21.532],[105.405,21.537],[105.437,21.533],[105.456,21.522],[105.483,21.525],[105.491,21.532],[105.501,21.536],[105.512,21.538],[105.524,21.538],[105.542,21.556],[105.556,21.557],[105.561,21.559],[105.579,21.577],[105.582,21.585],[105.563,21.6],[105.54,21.629],[105.518,21.662],[105.515,21.668],[105.511,21.682],[105.514,21.692],[105.523,21.704],[105.528,21.727],[105.529,21.739],[105.539,21.762],[105.538,21.772],[105.536,21.782],[105.525,21.806],[105.522,21.817],[105.523,21.825],[105.526,21.834],[105.532,21.845],[105.547,21.857],[105.548,21.864],[105.544,21.876],[105.544,21.888],[105.546,21.894],[105.553,21.899],[105.558,21.9],[105.563,21.903],[105.567,21.913],[105.569,21.927],[105.566,21.945],[105.566,21.952],[105.574,21.958],[105.573,21.964]]]}},{"type":"Feature","properties":{"name":"Vĩnh Long"},"geometry":{"type":"Polygon","coordinates":[[[106.213,10.15],[106.195,10.168],[106.16,10.195],[106.15,10.21],[106.132,10.226],[106.115,10.234],[106.063,10.242],[106.037,10.253],[106.032,10.263],[106.03,10.278],[106.031,10.29],[106.033,10.297],[106.018,10.305],[106.004,10.319],[105.991,10.324],[105.98,10.324],[105.972,10.32],[105.945,10.296],[105.932,10.285],[105.904,10.276],[105.895,10.278],[105.892,10.269],[105.894,10.259],[105.913,10.236],[105.915,10.222],[105.911,10.213],[105.868,10.203],[105.836,10.178],[105.816,10.176],[105.791,10.192],[105.765,10.218],[105.744,10.224],[105.731,10.224],[105.719,10.218],[105.711,10.19],[105.699,10.179],[105.694,10.168],[105.69,10.154],[105.685,10.139],[105.684,10.135],[105.721,10.114],[105.746,10.097],[105.797,10.053],[105.819,10.017],[105.844,9.991],[105.877,9.961],[105.903,9.941],[105.913,9.933],[105.921,9.933],[105.942,9.932],[105.973,9.944],[105.995,9.956],[106.009,9.97],[106.025,9.977],[106.059,9.974],[106.074,9.975],[106.086,9.978],[106.093,9.985],[106.095,10.022],[106.104,10.037],[106.12,10.042],[106.168,10.035],[106.204,10.037],[106.22,10.042],[106.229,10.058],[106.235,10.078],[106.253,10.08],[106.258,10.09],[106.241,10.115],[106.23,10.131],[106.213,10.15]]]}},{"type":"Feature","properties":{"name":"Vĩnh Phúc"},"geometry":{"type":"Polygon","coordinates":[[[105.853,21.399],[105.841,21.399],[105.823,21.408],[105.816,21.427],[105.808,21.434],[105.789,21.438],[105.768,21.451],[105.754,21.463],[105.74,21.472],[105.73,21.475],[105.709,21.487],[105.687,21.505],[105.678,21.514],[105.666,21.532],[105.66,21.547],[105.649,21.555],[105.63,21.561],[105.624,21.565],[105.609,21.582],[105.605,21.584],[105.593,21.587],[105.582,21.585],[105.579,21.577],[105.561,21.559],[105.556,21.557],[105.542,21.556],[105.524,21.538],[105.512,21.538],[105.501,21.536],[105.491,21.532],[105.483,21.525],[105.456,21.522],[105.437,21.533],[105.405,21.537],[105.389,21.532],[105.376,21.524],[105.368,21.521],[105.366,21.521],[105.368,21.518],[105.369,21.5],[105.375,21.468],[105.385,21.447],[105.393,21.441],[105.411,21.44],[105.434,21.426],[105.445,21.422],[105.453,21.416],[105.456,21.405],[105.447,21.388],[105.444,21.371],[105.449,21.358],[105.481,21.339],[105.493,21.329],[105.5,21.317],[105.5,21.306],[105.502,21.289],[105.5,21.28],[105.5,21.275],[105.51,21.257],[105.516,21.204],[105.52,21.195],[105.526,21.185],[105.536,21.179],[105.549,21.174],[105.567,21.162],[105.584,21.157],[105.628,21.162],[105.648,21.172],[105.657,21.181],[105.668,21.187],[105.683,21.187],[105.691,21.184],[105.705,21.175],[105.758,21.164],[105.794,21.145],[105.801,21.143],[105.835,21.14],[105.843,21.145],[105.852,21.164],[105.857,21.192],[105.862,21.206],[105.859,21.211],[105.83,21.231],[105.82,21.242],[105.805,21.252],[105.796,21.261],[105.788,21.274],[105.792,21.289],[105.817,21.317],[105.83,21.323],[105.841,21.338],[105.847,21.35],[105.853,21.359],[105.857,21.374],[105.854,21.389],[105.853,21.399]]]}},{"type":"Feature","properties":{"name":"Yên Bái"},"geometry":{"type":"Polygon","coordinates":[[[104.586,22.25],[104.593,22.244],[104.606,22.241],[104.626,22.227],[104.632,22.217],[104.637,22.203],[104.637,22.192],[104.636,22.182],[104.629,22.167],[104.608,22.152],[104.605,22.133],[104.597,22.118],[104.596,22.087],[104.587,22.073],[104.585,22.072],[104.58,22.074],[104.569,22.082],[104.55,22.105],[104.516,22.125],[104.482,22.153],[104.471,22.163],[104.461,22.178],[104.452,22.188],[104.439,22.193],[104.428,22.192],[104.417,22.185],[104.414,22.145],[104.414,22.123],[104.419,22.099],[104.413,22.088],[104.404,22.081],[104.399,22.073],[104.397,22.063],[104.4,22.043],[104.421,22.02],[104.433,22.01],[104.438,21.989],[104.446,21.974],[104.449,21.958],[104.455,21.941],[104.457,21.927],[104.46,21.922],[104.453,21.908],[104.449,21.901],[104.421,21.891],[104.412,21.883],[104.404,21.867],[104.388,21.855],[104.38,21.853],[104.375,21.857],[104.36,21.874],[104.355,21.876],[104.348,21.892],[104.343,21.898],[104.322,21.912],[104.305,21.913],[104.284,21.912],[104.266,21.913],[104.247,21.929],[104.233,21.933],[104.238,21.919],[104.25,21.899],[104.249,21.884],[104.229,21.875],[104.207,21.874],[104.176,21.882],[104.16,21.89],[104.145,21.892],[104.141,21.896],[104.129,21.901],[104.12,21.903],[104.105,21.902],[104.097,21.895],[104.079,21.895],[104.062,21.904],[104.03,21.907],[104.023,21.917],[104.021,21.926],[104.016,21.935],[104.001,21.946],[104.001,21.957],[103.992,21.965],[103.984,21.969],[103.984,21.969],[103.981,21.962],[103.978,21.952],[103.981,21.94],[103.971,21.928],[103.967,21.919],[103.953,21.908],[103.942,21.911],[103.922,21.913],[103.902,21.907],[103.893,21.891],[103.893,21.875],[103.896,21.856],[103.913,21.832],[103.924,21.822],[103.932,21.812],[103.953,21.796],[103.973,21.761],[103.976,21.749],[103.967,21.733],[103.952,21.725],[103.941,21.72],[103.929,21.708],[103.925,21.701],[103.924,21.701],[103.941,21.689],[103.946,21.677],[103.961,21.668],[103.984,21.662],[104.017,21.669],[104.044,21.662],[104.076,21.647],[104.087,21.644],[104.103,21.643],[104.122,21.644],[104.155,21.641],[104.178,21.633],[104.195,21.631],[104.21,21.634],[104.253,21.663],[104.269,21.664],[104.311,21.653],[104.315,21.645],[104.348,21.632],[104.358,21.625],[104.355,21.607],[104.352,21.598],[104.337,21.59],[104.331,21.584],[104.326,21.564],[104.326,21.557],[104.319,21.546],[104.312,21.521],[104.31,21.508],[104.312,21.502],[104.31,21.494],[104.304,21.484],[104.3,21.473],[104.303,21.464],[104.308,21.456],[104.32,21.442],[104.326,21.425],[104.327,21.414],[104.341,21.408],[104.357,21.402],[104.371,21.401],[104.401,21.388],[104.414,21.376],[104.431,21.358],[104.441,21.353],[104.468,21.349],[104.487,21.343],[104.504,21.345],[104.514,21.351],[104.532,21.367],[104.543,21.379],[104.563,21.404],[104.576,21.413],[104.585,21.415],[104.606,21.407],[104.623,21.398],[104.638,21.384],[104.655,21.375],[104.689,21.362],[104.714,21.359],[104.732,21.367],[104.746,21.376],[104.761,21.375],[104.767,21.369],[104.776,21.349],[104.79,21.33],[104.796,21.325],[104.828,21.32],[104.871,21.318],[104.873,21.316],[104.886,21.323],[104.9,21.343],[104.923,21.36],[104.939,21.379],[104.949,21.399],[104.957,21.406],[104.96,21.418],[104.961,21.431],[104.957,21.443],[104.942,21.468],[104.931,21.476],[104.927,21.481],[104.925,21.494],[104.928,21.518],[104.926,21.525],[104.918,21.528],[104.908,21.536],[104.913,21.549],[104.921,21.555],[104.941,21.56],[104.942,21.573],[104.938,21.602],[104.946,21.616],[104.95,21.635],[104.955,21.64],[104.972,21.648],[105.009,21.651],[105.022,21.654],[105.031,21.66],[105.042,21.676],[105.049,21.682],[105.057,21.686],[105.067,21.687],[105.106,21.687],[105.118,21.689],[105.139,21.705],[105.137,21.708],[105.134,21.714],[105.125,21.719],[105.109,21.732],[105.108,21.743],[105.121,21.759],[105.122,21.779],[105.12,21.794],[105.122,21.799],[105.131,21.81],[105.131,21.821],[105.13,21.825],[105.12,21.839],[105.103,21.844],[105.076,21.868],[105.07,21.892],[105.062,21.898],[105.053,21.9],[105.05,21.906],[105.047,21.931],[105.033,21.941],[105.014,21.948],[105.01,21.954],[105.017,21.967],[105.022,21.983],[105.017,22.007],[105.017,22.04],[105.009,22.044],[104.994,22.046],[104.98,22.039],[104.975,22.034],[104.966,22.032],[104.953,22.04],[104.948,22.048],[104.941,22.056],[104.932,22.061],[104.889,22.075],[104.882,22.082],[104.875,22.098],[104.875,22.109],[104.87,22.116],[104.867,22.126],[104.866,22.146],[104.854,22.178],[104.851,22.181],[104.849,22.186],[104.847,22.185],[104.841,22.179],[104.819,22.173],[104.812,22.169],[104.792,22.17],[104.766,22.167],[104.761,22.173],[104.757,22.183],[104.74,22.19],[104.726,22.2],[104.723,22.209],[104.731,22.231],[104.72,22.254],[104.711,22.257],[104.677,22.256],[104.662,22.26],[104.658,22.265],[104.646,22.266],[104.635,22.269],[104.624,22.27],[104.615,22.265],[104.605,22.256],[104.586,22.25]]]}}]}